Airfoil;y1;y2;y3;y4;y5;y6;y7;y8;y9;y10;y11;y12;y13;y14;y15;y16;y17;y18;y19;y20;y21;y22;y23;y24;y25;y26;y27;y28;y29;y30;y31;y32;y33;y34;y35;y36;y37;y38;y39;y40;y41;y42;y43;y44;y45;y46;y47;y48;y49;y50;y51;y52;y53;y54;y55;y56;y57;y58;y59;y60;y61;y62;y63;y64;y65;y66;y67;y68;y69;y70;y71;y72;y73;y74;y75;y76;y77;y78;y79;y80;y81;y82;y83;y84;y85;y86;y87;y88;y89;y90;y91;y92;y93;y94;y95;y96;y97;y98;y99;y100;y101
NACA 0008;0.00084;0.00111419;0.00150951;0.00202339;0.00265464;0.00340489;0.00428165;0.00530595;0.00651291;0.0078862;0.009409;0.0110897;0.01291724;0.01487094;0.01693555;0.01909911;0.02134498;0.0236435;0.0259383;0.02821459;0.03043582;0.03249967;0.03443875;0.03614154;0.03758215;0.03875753;0.03949471;0.03993228;0.03994931;0.03956308;0.03874098;0.03754664;0.03601644;0.03412783;0.03200966;0.02967586;0.02718939;0.02458656;0.02193562;0.01929598;0.01671434;0.01420581;0.0118166;0.00954789;0.00746031;0.00559018;0.00395791;0.00257595;0.00145238;0.00059256;0;-0.00059256;-0.00145238;-0.00257595;-0.00395791;-0.00559018;-0.00746031;-0.00954789;-0.0118166;-0.01420581;-0.01671434;-0.01929598;-0.02193562;-0.02458656;-0.02718939;-0.02967586;-0.03200966;-0.03412783;-0.03601644;-0.03754664;-0.03874098;-0.03956308;-0.03994931;-0.03993228;-0.03949471;-0.03875753;-0.03758215;-0.03614154;-0.03443875;-0.03249967;-0.03043582;-0.02821459;-0.0259383;-0.0236435;-0.02134498;-0.01909911;-0.01693555;-0.01487094;-0.01291724;-0.0110897;-0.009409;-0.0078862;-0.00651291;-0.00530595;-0.00428165;-0.00340489;-0.00265464;-0.00202339;-0.00150951;-0.00111419;-0.00084
NACA 0012;0.00126;0.00163721;0.00219428;0.00293763;0.00387698;0.00502279;0.00638314;0.0079685;0.00978452;0.01183298;0.01411577;0.01662774;0.01935678;0.0222875;0.0253961;0.02865297;0.03202158;0.03545887;0.03891468;0.04232941;0.04564074;0.04878178;0.05167279;0.0542436;0.05642151;0.05813107;0.059316;0.05993348;0.05994445;0.0593388;0.05813321;0.05634106;0.05402188;0.05122793;0.04804;0.04452919;0.04079063;0.03689478;0.032928;0.02896544;0.02507237;0.02130757;0.01772507;0.01437034;0.01128506;0.0085038;0.00605065;0.0039561;0.00223408;0.00091182;0;-0.00091182;-0.00223408;-0.0039561;-0.00605065;-0.0085038;-0.01128506;-0.01437034;-0.01772507;-0.02130757;-0.02507237;-0.02896544;-0.032928;-0.03689478;-0.04079063;-0.04452919;-0.04804;-0.05122793;-0.05402188;-0.05634106;-0.05813321;-0.0593388;-0.05994445;-0.05993348;-0.059316;-0.05813107;-0.05642151;-0.0542436;-0.05167279;-0.04878178;-0.04564074;-0.04232941;-0.03891468;-0.03545887;-0.03202158;-0.02865297;-0.0253961;-0.0222875;-0.01935678;-0.01662774;-0.01411577;-0.01183298;-0.00978452;-0.0079685;-0.00638314;-0.00502279;-0.00387698;-0.00293763;-0.00219428;-0.00163721;-0.00126
NACA 0015;0.00158;0.00209451;0.00283636;0.00380078;0.00498549;0.00639351;0.00803866;0.00995991;0.01222228;0.0147955;0.01764849;0.02079727;0.02422121;0.02788178;0.03175078;0.03580655;0.04001735;0.04432616;0.04862521;0.05288808;0.05705093;0.06092693;0.06457129;0.06776703;0.07046528;0.07266657;0.07405026;0.07487339;0.07490635;0.07418207;0.0726412;0.07039872;0.06752549;0.0639914;0.06002914;0.05564767;0.05098092;0.04610914;0.04113959;0.03618387;0.03133631;0.02662715;0.02214422;0.01789051;0.01397792;0.01047358;0.00741525;0.00482607;0.00272104;0.00111015;0;-0.00111015;-0.00272104;-0.00482607;-0.00741525;-0.01047358;-0.01397792;-0.01789051;-0.02214422;-0.02662715;-0.03133631;-0.03618387;-0.04113959;-0.04610914;-0.05098092;-0.05564767;-0.06002914;-0.0639914;-0.06752549;-0.07039872;-0.0726412;-0.07418207;-0.07490635;-0.07487339;-0.07405026;-0.07266657;-0.07046528;-0.06776703;-0.06457129;-0.06092693;-0.05705093;-0.05288808;-0.04862521;-0.04432616;-0.04001735;-0.03580655;-0.03175078;-0.02788178;-0.02422121;-0.02079727;-0.01764849;-0.0147955;-0.01222228;-0.00995991;-0.00803866;-0.00639351;-0.00498549;-0.00380078;-0.00283636;-0.00209451;-0.00158
NACA 1408;0.00084;0.00121284;0.00175075;0.00245044;0.00331019;0.00433174;0.00552391;0.00691217;0.0085384;0.01038115;0.01241829;0.01465597;0.01707824;0.01965709;0.02236499;0.02516916;0.02805103;0.03097347;0.033841;0.03664212;0.03933926;0.04178977;0.04405323;0.04598474;0.04755351;0.04875358;0.04934461;0.04951599;0.04909215;0.04812043;0.04662233;0.04468727;0.04236567;0.0396996;0.03681688;0.03374795;0.03057627;0.02736324;0.02417887;0.02107114;0.0181093;0.01530885;0.0126713;0.01018065;0.0078997;0.00587122;0.00411869;0.00265421;0.00148176;0.0005991;0;-0.00059059;-0.00143413;-0.00251695;-0.00382549;-0.00534676;-0.00706677;-0.00896652;-0.01101313;-0.01314582;-0.01535374;-0.01756862;-0.01975598;-0.0218791;-0.02385567;-0.02566316;-0.02726639;-0.02859961;-0.0296932;-0.03043454;-0.030881;-0.03101379;-0.03081712;-0.03035922;-0.02965;-0.02876164;-0.02761155;-0.02630107;-0.02482398;-0.02320088;-0.02151987;-0.01978255;-0.0180426;-0.01632934;-0.0146572;-0.01304705;-0.01152294;-0.01009955;-0.00876915;-0.00753615;-0.00641553;-0.0054135;-0.00451539;-0.00372939;-0.00306522;-0.00249802;-0.00201311;-0.00160519;-0.00127303;-0.0010174;-0.00084
NACA 1410;0.00105;0.00149181;0.0021291;0.00295792;0.00397627;0.0051864;0.00659929;0.0082464;0.01017901;0.01237043;0.01479257;0.01745012;0.02032474;0.02338591;0.02660534;0.02995152;0.03340015;0.03690239;0.04034424;0.04371192;0.04696166;0.04992812;0.05267666;0.05502948;0.0569509;0.05844045;0.05921968;0.05950618;0.05908784;0.05802009;0.05633247;0.05411467;0.0514174;0.04829419;0.04489518;0.04125449;0.0374739;0.03362956;0.02979802;0.02603579;0.02243829;0.01902329;0.01579108;0.01270988;0.00987186;0.00734084;0.00515099;0.0033198;0.00185335;0.00074932;0;-0.00073859;-0.00179339;-0.00314733;-0.00478375;-0.0066872;-0.00884211;-0.01122875;-0.01381447;-0.01653903;-0.01938435;-0.02226167;-0.02512116;-0.02792074;-0.03055547;-0.03300243;-0.03521008;-0.03708564;-0.03866689;-0.03980534;-0.04056418;-0.04090071;-0.04077228;-0.04051289;-0.04018936;-0.03944708;-0.03772267;-0.03554037;-0.03335568;-0.03125645;-0.02912247;-0.02684444;-0.02452524;-0.02222576;-0.01997116;-0.01779529;-0.01573111;-0.01379783;-0.01198661;-0.01030288;-0.00876434;-0.0073794;-0.00613502;-0.00504602;-0.00412689;-0.00334247;-0.00267203;-0.00210808;-0.00164884;-0.00129534;-0.00105
NACA 1412;0.00126;0.00177086;0.00250779;0.00346624;0.00464388;0.00604329;0.00767706;0.00958134;0.01181488;0.01434738;0.01714854;0.02022808;0.02356412;0.02711892;0.03085768;0.03474191;0.03874515;0.04281606;0.04683314;0.05077736;0.05458719;0.05806582;0.06129223;0.06406546;0.06634508;0.06812725;0.06908952;0.06948555;0.06907755;0.06792077;0.06603182;0.06352471;0.06045594;0.05688719;0.05298559;0.04878622;0.04440197;0.03991989;0.03544299;0.03103552;0.02681039;0.02278372;0.01895705;0.01527918;0.01187431;0.00883091;0.00619548;0.00399157;0.00222738;0.00090013;0;-0.00088655;-0.00215156;-0.00377383;-0.00573309;-0.00801142;-0.01059225;-0.01345665;-0.01657549;-0.01989542;-0.0233894;-0.02693508;-0.03046343;-0.03394034;-0.03724218;-0.0403293;-0.04313423;-0.04554504;-0.04761119;-0.04915011;-0.05022281;-0.05077952;-0.05079327;-0.05033577;-0.04940092;-0.04813574;-0.04639672;-0.04436758;-0.04203788;-0.03944136;-0.03672141;-0.03386223;-0.030973;-0.02810478;-0.02528131;-0.02254884;-0.01994559;-0.01749413;-0.01519152;-0.01304913;-0.01109176;-0.0093306;-0.00774799;-0.00636178;-0.00518969;-0.0041882;-0.00333182;-0.00261138;-0.00202474;-0.00157327;-0.00126
NACA 2412;0.0013;0.00191154;0.00279382;0.0039414;0.00535147;0.00702682;0.00898185;0.01125809;0.01392476;0.01694545;0.02027594;0.02390934;0.02782188;0.0319771;0.03633689;0.04085342;0.04549669;0.05020544;0.05482257;0.05931949;0.06361102;0.06742319;0.07090159;0.07386799;0.07627657;0.07809403;0.07892098;0.07906583;0.07824168;0.07653367;0.07398035;0.07076494;0.06698891;0.06267062;0.05802074;0.0530552;0.04799334;0.04298917;0.03805069;0.03324182;0.02863758;0.02425301;0.02007245;0.01607748;0.0124107;0.00916008;0.00637249;0.00406878;0.00224999;0.00090173;0;-0.00087635;-0.00210825;-0.00366132;-0.00550573;-0.00761969;-0.00998949;-0.01260666;-0.01546237;-0.01853857;-0.02179017;-0.02499219;-0.02810756;-0.03107757;-0.03379672;-0.03614986;-0.03817801;-0.03988949;-0.04123936;-0.04203959;-0.04237319;-0.04223074;-0.0416081;-0.04068035;-0.03949662;-0.0381086;-0.03640044;-0.03448773;-0.03234203;-0.02999494;-0.02760648;-0.02522659;-0.02289347;-0.02064507;-0.01850022;-0.01644983;-0.01450495;-0.0126792;-0.01097367;-0.00940436;-0.00800275;-0.00677948;-0.00569491;-0.00475008;-0.00395494;-0.00327766;-0.00269928;-0.00221287;-0.00181674;-0.00151175;-0.0013
NACA 2415;0.00157;0.00225325;0.00322904;0.00451217;0.00614877;0.00813866;0.01049615;0.0132319;0.01635497;0.01988002;0.02378144;0.02805011;0.03266017;0.03757993;0.04275191;0.04811565;0.05360689;0.0591311;0.06459401;0.06990941;0.07497477;0.07966181;0.0838639;0.08749072;0.09046241;0.09266715;0.09388234;0.09406477;0.09323452;0.0914085;0.08860935;0.08498313;0.08066738;0.07573279;0.07032437;0.06463289;0.05873159;0.0527724;0.04686639;0.04110938;0.03558593;0.0303042;0.02542254;0.02114481;0.01736901;0.01376378;0.01004243;0.00645552;0.00351018;0.00136224;0.00000031;-0.00121871;-0.00277924;-0.00457145;-0.0065639;-0.0088267;-0.01158727;-0.0150897;-0.01910776;-0.02326172;-0.02742374;-0.03161214;-0.03576211;-0.03976047;-0.04354881;-0.0469724;-0.0500225;-0.05259003;-0.05458262;-0.05600922;-0.05684161;-0.05704729;-0.05665813;-0.05574923;-0.05439646;-0.05266874;-0.05058022;-0.04810189;-0.04531467;-0.04230841;-0.03915529;-0.03593493;-0.03272746;-0.02957446;-0.02650756;-0.02357866;-0.02080505;-0.01820191;-0.01579368;-0.013585;-0.01157404;-0.00976529;-0.00814834;-0.00672765;-0.00549632;-0.004444;-0.00356624;-0.00284499;-0.00227385;-0.00185046;-0.00157
NACA 2418;0.0019;0.00272361;0.0039123;0.00545896;0.00735968;0.00961756;0.01225027;0.01530959;0.01888253;0.02292586;0.02739438;0.03230507;0.03762328;0.04328371;0.04921944;0.05534723;0.06163471;0.06802521;0.07434735;0.08055643;0.08651536;0.09185555;0.0967659;0.10101541;0.10453468;0.10724343;0.1085788;0.10900662;0.10822396;0.10630374;0.1031978;0.09924003;0.09453404;0.08891588;0.0827645;0.07625819;0.06952726;0.06263949;0.05579361;0.04912375;0.04275834;0.03669086;0.03072453;0.02474673;0.01913398;0.0141112;0.00979335;0.00623148;0.00343231;0.0013702;0;-0.00132288;-0.0031685;-0.00547543;-0.00819306;-0.01129006;-0.01475793;-0.01861312;-0.02290315;-0.02770731;-0.03292246;-0.03817636;-0.04339876;-0.04850281;-0.05333778;-0.05770848;-0.06162427;-0.06504962;-0.06795503;-0.07005757;-0.07134604;-0.07179461;-0.07152283;-0.07065399;-0.06918173;-0.06725906;-0.06465849;-0.06164072;-0.05819063;-0.05436385;-0.05041087;-0.04636589;-0.04232936;-0.03834805;-0.03444708;-0.03067709;-0.02708421;-0.0236996;-0.02052529;-0.01758441;-0.01492195;-0.0125566;-0.01044449;-0.00860277;-0.00705589;-0.0057401;-0.00461708;-0.00367278;-0.00290365;-0.00231134;-0.0019
NACA 2424;0;0.00119413;0.00293028;0.00520381;0.00800608;0.01132263;0.01512947;0.01938326;0.02402839;0.02908838;0.0346297;0.04077102;0.0474661;0.05461744;0.0621346;0.06991858;0.07792095;0.08604021;0.09402905;0.10186851;0.10942306;0.11631674;0.1227139;0.12820351;0.1327255;0.13625164;0.13813274;0.13891109;0.1382194;0.1360821;0.13248741;0.12777131;0.12193424;0.11519568;0.10769087;0.09970374;0.09130343;0.08270731;0.074108;0.06549832;0.05733128;0.04989695;0.04292108;0.03562587;0.02795414;0.0207411;0.01440811;0.00914487;0.00501269;0.00198914;0;-0.00189745;-0.00450389;-0.007696;-0.0113684;-0.01545249;-0.01992655;-0.02482219;-0.03023596;-0.03636284;-0.04337665;-0.05080993;-0.05809746;-0.06533345;-0.07223466;-0.07879093;-0.0847729;-0.08991489;-0.09437236;-0.09771057;-0.10011952;-0.10140852;-0.10156373;-0.10071055;-0.09883121;-0.09627334;-0.0927688;-0.08867898;-0.08396053;-0.07869859;-0.07319491;-0.06743805;-0.0616399;-0.0558909;-0.0502396;-0.04477238;-0.03955989;-0.03464481;-0.03003815;-0.02578327;-0.02195725;-0.01855859;-0.01544851;-0.01254461;-0.00982109;-0.00735652;-0.00520015;-0.00337664;-0.00189883;-0.00077271;0
NACA 4412;0.0013;0.00211146;0.00328253;0.00480614;0.00667846;0.00890271;0.01149667;0.01451224;0.01803619;0.02202151;0.02641013;0.03118815;0.03632063;0.04175112;0.04740504;0.05317006;0.05902311;0.06491565;0.07064053;0.07617161;0.08141337;0.08600912;0.09014782;0.09357508;0.09623074;0.09808523;0.09861043;0.09823481;0.09660539;0.09384245;0.09001212;0.08539043;0.08012207;0.07425588;0.06810554;0.0618632;0.05560235;0.04937296;0.04340253;0.03775533;0.03246466;0.02751866;0.02276561;0.01814568;0.01388642;0.01012828;0.00694364;0.00435986;0.00236862;0.00093332;0;-0.00088165;-0.00207998;-0.00353024;-0.00517951;-0.00699499;-0.00896624;-0.01110405;-0.01343938;-0.01601661;-0.01875439;-0.02128665;-0.02355814;-0.02549604;-0.02699527;-0.02809532;-0.02876967;-0.02893263;-0.02869948;-0.02796749;-0.02675327;-0.02513089;-0.02343696;-0.02168854;-0.01989012;-0.01811987;-0.01645954;-0.01484942;-0.01322115;-0.01157958;-0.01000408;-0.00857636;-0.00727209;-0.00614154;-0.00521229;-0.00440862;-0.00374413;-0.00323391;-0.00281322;-0.00245551;-0.00216029;-0.00192651;-0.00173604;-0.00159345;-0.001506;-0.00144857;-0.00140563;-0.00137074;-0.00134149;-0.00131762;-0.0013
NACA 4415;0;0.00098174;0.00243391;0.00435382;0.00672876;0.0095605;0.01280515;0.01646695;0.02054136;0.02505634;0.03003045;0.03544071;0.04124089;0.04737723;0.05380381;0.06045889;0.06724611;0.07403189;0.08068146;0.08706906;0.09305906;0.09851561;0.10332706;0.10739357;0.11056701;0.11268367;0.11359879;0.11325642;0.11163836;0.10877063;0.10478369;0.09986078;0.09414431;0.08781108;0.08107004;0.07401448;0.06667766;0.05921394;0.05183563;0.04479871;0.03821083;0.03210215;0.02648299;0.02126049;0.016502;0.01229226;0.00870454;0.00581765;0.00355479;0.00187182;0.00075;-0.00032812;-0.00183672;-0.00374065;-0.00595975;-0.0083567;-0.01097261;-0.01377219;-0.01680469;-0.02006245;-0.02342278;-0.02686245;-0.03028352;-0.03347796;-0.03624027;-0.03849032;-0.04018764;-0.04127682;-0.04174912;-0.04164874;-0.0410119;-0.03985003;-0.03828563;-0.03647545;-0.03455243;-0.03255785;-0.03048086;-0.02830721;-0.0260449;-0.02370867;-0.02135112;-0.01902422;-0.01682564;-0.01480256;-0.01298063;-0.01135788;-0.0099105;-0.008617;-0.00746181;-0.00644758;-0.00556371;-0.00480451;-0.00414679;-0.0035328;-0.00293114;-0.00231955;-0.00170557;-0.00113691;-0.00064781;-0.00026897;0
NACA 4421;0.0022;0.00334468;0.00499706;0.00714739;0.00979016;0.01292925;0.01658807;0.02083583;0.02578846;0.03138139;0.03753369;0.04422146;0.05140172;0.05901187;0.06697894;0.0752024;0.08362761;0.09213497;0.10039727;0.10838638;0.11601967;0.12286035;0.12911853;0.13440144;0.13862075;0.14175994;0.14311609;0.14324562;0.14163381;0.13850532;0.1340812;0.12851789;0.12194848;0.11442733;0.10640757;0.09812466;0.0896922;0.08112806;0.07250299;0.06408098;0.05633177;0.04922305;0.04184065;0.0337884;0.025971;0.0189244;0.0129146;0.00805138;0.00433652;0.00169357;0;-0.00157455;-0.00367322;-0.00615173;-0.00889827;-0.01185704;-0.0150419;-0.01855104;-0.02260434;-0.02756833;-0.03320807;-0.03879914;-0.04424694;-0.04959557;-0.05469491;-0.05905824;-0.06269073;-0.06560816;-0.06792176;-0.06937377;-0.06980839;-0.06926304;-0.06825228;-0.0666777;-0.06443952;-0.06180285;-0.05866842;-0.05526386;-0.05165544;-0.04787986;-0.0440107;-0.04000529;-0.03602622;-0.03224094;-0.02871679;-0.02540188;-0.02232695;-0.01952096;-0.01693082;-0.01454723;-0.01239442;-0.01048408;-0.00878586;-0.00732366;-0.00612381;-0.00511817;-0.00426522;-0.00354907;-0.00296504;-0.00251409;-0.0022
NACA 23012;0.00126;0.00169884;0.00234666;0.00321069;0.00430633;0.00564001;0.00723033;0.00908243;0.01120583;0.01361687;0.01630392;0.01927313;0.02250786;0.02599561;0.02971677;0.03363623;0.03771626;0.04190314;0.04615164;0.05040098;0.05457884;0.05859647;0.06236966;0.06583405;0.06891046;0.07150768;0.07354688;0.0749795;0.07578677;0.07595025;0.0754346;0.07426482;0.07234639;0.06955836;0.06582;0.0614158;0.05638347;0.05100715;0.04547327;0.04007957;0.03483928;0.02954212;0.02447867;0.02079944;0.01964241;0.01936455;0.01809696;0.01496765;0.00983711;0.00399545;0;-0.00314728;-0.0062266;-0.00836047;-0.00912913;-0.00869388;-0.00791703;-0.00863597;-0.01120462;-0.01424489;-0.01670485;-0.01894878;-0.02116241;-0.02336598;-0.02555393;-0.02783134;-0.03027181;-0.03290488;-0.03567708;-0.03840007;-0.04084059;-0.04276446;-0.04410183;-0.04487567;-0.04510041;-0.04478521;-0.04394832;-0.04265658;-0.04098109;-0.03898794;-0.03673662;-0.03427108;-0.03168559;-0.02903199;-0.02634489;-0.02368861;-0.02109312;-0.01858902;-0.01622119;-0.01399994;-0.01193801;-0.01005976;-0.00836507;-0.00686177;-0.00554515;-0.00441004;-0.0034546;-0.00266625;-0.00204081;-0.0015734;-0.00126
NACA 23015;0.0016;0.00218082;0.00301754;0.0041044;0.00543902;0.00702593;0.00888365;0.01106323;0.01364915;0.01660253;0.01988115;0.02349872;0.02743204;0.03164052;0.03609905;0.04079666;0.04569946;0.05075403;0.05588337;0.06104174;0.06611336;0.07087109;0.07538731;0.0794549;0.08302394;0.08608593;0.08830534;0.08994392;0.0907611;0.09076449;0.08984394;0.08820237;0.08583994;0.08239084;0.07812443;0.07290497;0.06710227;0.06100035;0.05479853;0.04866594;0.04279152;0.03714206;0.03132438;0.02513204;0.01919604;0.01389217;0.00940718;0.00581377;0.00310203;0.00120025;0;-0.00109771;-0.0025303;-0.00417519;-0.00593881;-0.00777752;-0.00971055;-0.01183518;-0.0143646;-0.01765354;-0.02145521;-0.02499424;-0.02824571;-0.03153951;-0.03497772;-0.03855622;-0.04216831;-0.04568547;-0.04914298;-0.05245098;-0.05534907;-0.0576528;-0.05912311;-0.05985117;-0.05982502;-0.05926728;-0.05793435;-0.05612548;-0.05383081;-0.05109154;-0.04810853;-0.04481546;-0.0413937;-0.03789144;-0.03432728;-0.03082132;-0.0274291;-0.02417806;-0.02109207;-0.01819486;-0.01551416;-0.01306687;-0.01085095;-0.00889599;-0.00722791;-0.00579552;-0.00456815;-0.00353515;-0.00269443;-0.00204805;-0.0016
NACA 23018;0.0019;0.00258399;0.00357022;0.00485235;0.00642735;0.00829921;0.01048628;0.01304036;0.01604828;0.01947431;0.02329211;0.02755799;0.03224027;0.03726536;0.04257627;0.04812313;0.05387087;0.05976992;0.06571948;0.07167436;0.07751537;0.08298241;0.08817563;0.09288793;0.09705529;0.10061407;0.10313069;0.10492908;0.10571496;0.10554927;0.10439803;0.10234189;0.0993828;0.09524312;0.09026547;0.08439425;0.07805042;0.07149402;0.06460622;0.05765679;0.05114918;0.04505282;0.03850398;0.03109985;0.02382205;0.01725041;0.01167094;0.00719894;0.00383113;0.00147814;0;-0.00134459;-0.0030869;-0.00506791;-0.00716683;-0.00932879;-0.01158235;-0.01406068;-0.017054;-0.02104841;-0.02576771;-0.0304192;-0.03494704;-0.03962012;-0.04446736;-0.04920331;-0.05382891;-0.05835964;-0.06271539;-0.06668026;-0.07000513;-0.07253755;-0.07417986;-0.07492198;-0.07469089;-0.07379693;-0.07196267;-0.06956188;-0.06660692;-0.06314941;-0.05941066;-0.05530539;-0.05104951;-0.04669983;-0.04227836;-0.0379295;-0.03371822;-0.02967745;-0.02584143;-0.02224362;-0.01892279;-0.01590128;-0.01317201;-0.0107727;-0.00873718;-0.0069953;-0.00550489;-0.00425093;-0.00323008;-0.00244474;-0.0019
NACA 63012A;0.00025;0.00061266;0.00113406;0.00181017;0.0026397;0.00362702;0.00478767;0.00616299;0.00782141;0.00973906;0.01190216;0.01435912;0.01707729;0.0200819;0.02336158;0.02692588;0.03074394;0.03479862;0.03894536;0.04306281;0.04701031;0.05063687;0.05382412;0.0564559;0.05842296;0.05962444;0.05996764;0.05950913;0.05831403;0.05647501;0.05409428;0.05130521;0.04818547;0.04478014;0.04122615;0.03756076;0.03386157;0.03018388;0.02660088;0.0231564;0.0198875;0.01681243;0.01396327;0.01136735;0.00901419;0.00680843;0.00483805;0.00315403;0.00177957;0.00072622;0;-0.00072622;-0.00177957;-0.00315403;-0.00483805;-0.00680843;-0.00901419;-0.01136735;-0.01396327;-0.01681243;-0.0198875;-0.0231564;-0.02660088;-0.03018388;-0.03386157;-0.03756076;-0.04122615;-0.04478014;-0.04818547;-0.05130521;-0.05409428;-0.05647501;-0.05831403;-0.05950913;-0.05996764;-0.05962444;-0.05842296;-0.0564559;-0.05382412;-0.05063687;-0.04701031;-0.04306281;-0.03894536;-0.03479862;-0.03074394;-0.02692588;-0.02336158;-0.0200819;-0.01707729;-0.01435912;-0.01190216;-0.00973906;-0.00782141;-0.00616299;-0.00478767;-0.00362702;-0.0026397;-0.00181017;-0.00113406;-0.00061266;-0.00025
NACA 63-015A;0.00032;0.00076728;0.00141032;0.00224414;0.00326717;0.0044848;0.00591627;0.00761266;0.00965858;0.01202419;0.01469136;0.01771758;0.0210639;0.02476349;0.02880309;0.03319591;0.0379081;0.04292808;0.04808695;0.05324003;0.05821302;0.06280039;0.06685625;0.07024211;0.07281244;0.07442606;0.07496538;0.07444791;0.07298357;0.07070436;0.06772473;0.06422846;0.06031727;0.05604524;0.05158466;0.04698266;0.04234393;0.0377346;0.03319771;0.02880704;0.0246642;0.02080497;0.0172482;0.01403456;0.01115137;0.00843216;0.00599507;0.00390931;0.00220595;0.00090025;0;-0.00090025;-0.00220595;-0.00390931;-0.00599507;-0.00843216;-0.01115137;-0.01403456;-0.0172482;-0.02080497;-0.0246642;-0.02880704;-0.03319771;-0.0377346;-0.04234393;-0.04698266;-0.05158466;-0.05604524;-0.06031727;-0.06422846;-0.06772473;-0.07070436;-0.07298357;-0.07444791;-0.07496538;-0.07442606;-0.07281244;-0.07024211;-0.06685625;-0.06280039;-0.05821302;-0.05324003;-0.04808695;-0.04292808;-0.0379081;-0.03319591;-0.02880309;-0.02476349;-0.0210639;-0.01771758;-0.01469136;-0.01202419;-0.00965858;-0.00761266;-0.00591627;-0.0044848;-0.00326717;-0.00224414;-0.00141032;-0.00076728;-0.00032
NACA 63-210;0;0.00031747;0.00076392;0.00133132;0.00202087;0.00285124;0.00387485;0.00522046;0.00708826;0.00935518;0.01178778;0.01410867;0.01651926;0.0195582;0.0231928;0.02708828;0.03117049;0.03541858;0.0396968;0.04389849;0.04789368;0.05152232;0.05467462;0.05722369;0.05906585;0.06013028;0.06034947;0.05971943;0.05834847;0.05634754;0.0537967;0.05083791;0.04754539;0.04399378;0.04030955;0.03654998;0.03278717;0.02907944;0.02551518;0.02212377;0.0189183;0.01594177;0.01342894;0.01130665;0.00870291;0.00635797;0.00439021;0.0027806;0.00152237;0.0006031;0;-0.00057293;-0.00136068;-0.00233822;-0.00350123;-0.00488053;-0.00657185;-0.00878926;-0.01079703;-0.01256302;-0.01474214;-0.01705303;-0.0194102;-0.02183002;-0.02428723;-0.02673558;-0.02912851;-0.03140057;-0.03355198;-0.03548149;-0.03713936;-0.03845628;-0.03936068;-0.0397801;-0.03961026;-0.03876165;-0.03727551;-0.03519014;-0.03270817;-0.0294693;-0.02559195;-0.02286734;-0.01965586;-0.01622488;-0.01304732;-0.01015189;-0.00754984;-0.00530191;-0.00342275;-0.00192257;-0.0006962;0.0002161;0.0008763;0.00120801;0.00114022;0.00090098;0.00063184;0.0003927;0.00020679;0.00007808;0
NACA 63-212;0;0.00034134;0.00082775;0.00145346;0.00221831;0.0031329;0.00422884;0.00558559;0.00733169;0.00942999;0.01187219;0.01477396;0.01806748;0.02179152;0.02591174;0.0304016;0.03517682;0.04015707;0.04521253;0.05020292;0.054956;0.05930567;0.06312278;0.06625474;0.06856929;0.06996406;0.07033725;0.06969263;0.06818217;0.06593364;0.06300443;0.05958558;0.0557712;0.05165614;0.04738042;0.04299875;0.03860276;0.03426968;0.03008802;0.0261057;0.02239154;0.01897923;0.01583591;0.01296694;0.01040691;0.00789955;0.00557199;0.00357986;0.00198206;0.00079268;0;-0.00076443;-0.00183084;-0.0031664;-0.00474146;-0.00652144;-0.00844066;-0.01036484;-0.01263451;-0.01526279;-0.01793824;-0.02075503;-0.02372348;-0.02679215;-0.02989953;-0.0330087;-0.03605533;-0.03894145;-0.04167998;-0.0441505;-0.04629145;-0.04800529;-0.04917433;-0.04974656;-0.04960159;-0.04860306;-0.04678129;-0.04425311;-0.04102743;-0.03732747;-0.03347135;-0.02931058;-0.02507752;-0.02094096;-0.01701931;-0.01344076;-0.01022464;-0.0074388;-0.00509474;-0.003209;-0.00168409;-0.0005822;0.00022037;0.00067618;0.00072368;0.00058888;0.00041117;0.00024937;0.00012618;0.00004527;0
NACA 63-215;0;0.00037103;0.00089799;0.00157384;0.00239882;0.00338704;0.00457971;0.00607948;0.00805171;0.01044924;0.01326205;0.01663801;0.02049377;0.02488944;0.02978861;0.03518475;0.04096876;0.04704401;0.05323471;0.05938542;0.06530628;0.07077702;0.07562205;0.07965695;0.08271359;0.08464598;0.08530707;0.08468478;0.0829838;0.08036324;0.07686943;0.07276738;0.06817512;0.06320397;0.05801991;0.0526892;0.04732842;0.04204202;0.036937;0.03207261;0.02754226;0.02339005;0.01952675;0.01594284;0.01284747;0.00978711;0.0068812;0.00438897;0.00240597;0.00095152;0;-0.00089831;-0.00212246;-0.00362108;-0.00536741;-0.00736963;-0.0096844;-0.01245162;-0.01564044;-0.01903056;-0.02252207;-0.02621083;-0.03010374;-0.03414256;-0.03825033;-0.04237148;-0.04641787;-0.05025598;-0.05390026;-0.05718676;-0.06005412;-0.06236728;-0.06393952;-0.06472809;-0.06457978;-0.06330046;-0.06094268;-0.05764996;-0.05357545;-0.04889301;-0.04378765;-0.03844102;-0.03304514;-0.02776674;-0.02274942;-0.01816577;-0.01404983;-0.01049018;-0.00748281;-0.00504234;-0.00305153;-0.00158541;-0.00048842;0.00018881;0.00037628;0.00033685;0.00023206;0.00012991;0.00005649;0.00001583;0
NACA 63-412;0;0.00053521;0.00130612;0.00230745;0.00353703;0.00499925;0.00671176;0.00872299;0.01111276;0.01385817;0.01697063;0.02056274;0.02456295;0.02897716;0.03376412;0.0388866;0.04425774;0.04977355;0.05528451;0.06065165;0.06570278;0.07024647;0.07407877;0.07720183;0.07947366;0.08065177;0.08071094;0.07968062;0.0777119;0.07492882;0.07139327;0.06734341;0.06287048;0.05807586;0.05310452;0.04806359;0.04303545;0.03809406;0.03335669;0.02887876;0.02472661;0.02096101;0.01752895;0.0144311;0.01177174;0.00915541;0.00645113;0.00407942;0.00220169;0.00085372;0;-0.0007728;-0.00177142;-0.00291654;-0.00416435;-0.00552121;-0.00705852;-0.00895528;-0.01122008;-0.01349592;-0.01580896;-0.01819499;-0.02063857;-0.0231423;-0.02565288;-0.0281053;-0.03044967;-0.03263886;-0.03468709;-0.03647571;-0.03796835;-0.03907231;-0.03969659;-0.0397886;-0.03923852;-0.03792982;-0.03589336;-0.0332338;-0.03006449;-0.02650561;-0.02273616;-0.01903774;-0.01512165;-0.01131963;-0.00794308;-0.0049687;-0.00239062;-0.00027675;0.00139541;0.00260498;0.00337993;0.00361054;0.00356134;0.00326706;0.00270322;0.00205985;0.00145219;0.00092971;0.00051226;0.0002039;0
NACA 63-415;0;0.0005653;0.0013773;0.00242939;0.00371983;0.00525669;0.00706751;0.00922485;0.01184602;0.01489696;0.01838666;0.02245772;0.02702334;0.0321139;0.03768349;0.04371003;0.05008489;0.05669367;0.06333601;0.06985943;0.07607193;0.08172291;0.08664577;0.09066182;0.09360144;0.09531861;0.09567953;0.0946788;0.09252888;0.08939338;0.08532337;0.08061255;0.07536852;0.06974556;0.06389909;0.05793952;0.05196803;0.04609779;0.04045759;0.03511274;0.03015971;0.02568974;0.02160187;0.0178379;0.01465048;0.01165195;0.00829898;0.00526373;0.00283821;0.00109683;0;-0.00098299;-0.00223533;-0.00364398;-0.00514649;-0.00675362;-0.00857346;-0.01087653;-0.01384587;-0.01698707;-0.02013746;-0.02340379;-0.02680399;-0.03030635;-0.03381807;-0.03731002;-0.04070013;-0.04385463;-0.04682118;-0.04945332;-0.05169534;-0.0534033;-0.05444074;-0.05476554;-0.05422541;-0.05262705;-0.05005803;-0.04664742;-0.04255169;-0.03795264;-0.03303463;-0.02797304;-0.02295985;-0.0181353;-0.01364605;-0.00974208;-0.00630339;-0.00334989;-0.00099401;0.00073825;0.00203133;0.00282717;0.00327902;0.00331194;0.00284527;0.00219184;0.00154243;0.0009784;0.00053176;0.00020844;0
NACA 64-008A;0.00018;0.00043386;0.00079883;0.00127207;0.00185271;0.00254379;0.00335624;0.00431908;0.00548031;0.00682299;0.00833674;0.01005407;0.01195326;0.01405446;0.0163505;0.01884854;0.0215028;0.02425938;0.02703689;0.02976221;0.03234672;0.03469792;0.03672824;0.03835344;0.03947764;0.03999129;0.03980999;0.0391446;0.03808623;0.03668929;0.03499453;0.03306268;0.03094677;0.02871119;0.02641758;0.02406088;0.02170537;0.01940058;0.017165;0.01501683;0.01296936;0.01103032;0.00921933;0.00754221;0.00598561;0.00452221;0.00321389;0.00209534;0.00118227;0.00048247;0;-0.00048247;-0.00118227;-0.00209534;-0.00321389;-0.00452221;-0.00598561;-0.00754221;-0.00921933;-0.01103032;-0.01296936;-0.01501683;-0.017165;-0.01940058;-0.02170537;-0.02406088;-0.02641758;-0.02871119;-0.03094677;-0.03306268;-0.03499453;-0.03668929;-0.03808623;-0.0391446;-0.03980999;-0.03999129;-0.03947764;-0.03835344;-0.03672824;-0.03469792;-0.03234672;-0.02976221;-0.02703689;-0.02425938;-0.0215028;-0.01884854;-0.0163505;-0.01405446;-0.01195326;-0.01005407;-0.00833674;-0.00682299;-0.00548031;-0.00431908;-0.00335624;-0.00254379;-0.00185271;-0.00127207;-0.00079883;-0.00043386;-0.00018
NACA 64-012A;0.00025;0.00062414;0.00116204;0.00185952;0.00271527;0.00373381;0.00493121;0.00635022;0.00806157;0.01004033;0.01227142;0.01480304;0.01760225;0.02069573;0.02407367;0.02775139;0.03167392;0.0357849;0.03996446;0.04409177;0.04802023;0.05160849;0.05474109;0.05727529;0.05906627;0.05995448;0.05977293;0.05880903;0.05723915;0.05515913;0.05260721;0.04970098;0.04651961;0.04313253;0.039646;0.0360747;0.0325166;0.02904244;0.02566668;0.02242052;0.01933816;0.01643423;0.01372821;0.01122506;0.00890277;0.00672389;0.00477784;0.00311475;0.00175739;0.00071717;0;-0.00071717;-0.00175739;-0.00311475;-0.00477784;-0.00672389;-0.00890277;-0.01122506;-0.01372821;-0.01643423;-0.01933816;-0.02242052;-0.02566668;-0.02904244;-0.0325166;-0.0360747;-0.039646;-0.04313253;-0.04651961;-0.04970098;-0.05260721;-0.05515913;-0.05723915;-0.05880903;-0.05977293;-0.05995448;-0.05906627;-0.05727529;-0.05474109;-0.05160849;-0.04802023;-0.04409177;-0.03996446;-0.0357849;-0.03167392;-0.02775139;-0.02407367;-0.02069573;-0.01760225;-0.01480304;-0.01227142;-0.01004033;-0.00806157;-0.00635022;-0.00493121;-0.00373381;-0.00271527;-0.00185952;-0.00116204;-0.00062414;-0.00025
NACA 64-108;0;0.00021887;0.00052967;0.00092821;0.00141461;0.00199727;0.00270058;0.00358533;0.00475004;0.00616526;0.00781714;0.00977842;0.0120025;0.01451061;0.0172778;0.02027295;0.02342892;0.0266687;0.02992827;0.03313487;0.03618533;0.03895337;0.04135973;0.04328718;0.04463883;0.04529332;0.04505334;0.04427082;0.04303827;0.04139441;0.03938582;0.03711772;0.03464866;0.032027;0.0293394;0.02662381;0.02392808;0.02128693;0.01874037;0.01631983;0.01407437;0.01201098;0.0100458;0.00818232;0.00649031;0.00488344;0.00344157;0.00221834;0.00123522;0.00049734;0;-0.00048593;-0.00117405;-0.00205109;-0.00310622;-0.00432967;-0.00570691;-0.00720927;-0.00881354;-0.01046135;-0.01213969;-0.0139199;-0.01580728;-0.01776772;-0.01977222;-0.02180283;-0.02382746;-0.02579793;-0.02770351;-0.0294754;-0.03107393;-0.03245178;-0.03354666;-0.03430175;-0.03467666;-0.03459416;-0.0337286;-0.03226734;-0.03033288;-0.02802185;-0.02545047;-0.02270825;-0.01989155;-0.01708845;-0.01437121;-0.01181601;-0.00946219;-0.00736446;-0.0055447;-0.00402113;-0.00274287;-0.00175468;-0.00098148;-0.00045718;-0.00022485;-0.00013633;-0.0000998;-0.00007683;-0.0000528;-0.00002564;0
NACA 64-110;0;0.00024368;0.00058829;0.00102854;0.00156488;0.00220876;0.00299285;0.00399796;0.0053545;0.00702265;0.00898004;0.01131308;0.01396603;0.01697305;0.02030711;0.02394232;0.02779571;0.03177734;0.0358013;0.03977733;0.04358104;0.04705854;0.05010457;0.05257507;0.05434719;0.05526345;0.05507274;0.0541786;0.05270995;0.05072314;0.04827099;0.04551224;0.04251975;0.03933128;0.03605288;0.03273373;0.02943756;0.02620976;0.02308937;0.02011544;0.01735396;0.01481868;0.01241981;0.01015672;0.00809447;0.00610659;0.00430733;0.00277634;0.00154516;0.0006217;0;-0.00060656;-0.00146421;-0.0025559;-0.00386861;-0.0053927;-0.00711703;-0.00901965;-0.01104855;-0.01314453;-0.01530525;-0.01761026;-0.02006173;-0.02260699;-0.02520557;-0.02784672;-0.03048629;-0.03305465;-0.03553563;-0.03783911;-0.03993568;-0.04176241;-0.04320687;-0.04420429;-0.04469495;-0.04456589;-0.04343985;-0.04155678;-0.03907587;-0.03612162;-0.03283887;-0.02934043;-0.02575114;-0.02218166;-0.0187221;-0.01546945;-0.01247671;-0.009814;-0.0074977;-0.00554692;-0.00389873;-0.00260668;-0.00158195;-0.00086736;-0.00051573;-0.00034694;-0.00024949;-0.00017678;-0.0001112;-0.00005035;0
NACA 64-208;0;0.00031573;0.00076865;0.0013548;0.00207331;0.00292951;0.00394091;0.00515308;0.0066405;0.0083804;0.01036792;0.01267319;0.0152485;0.01809795;0.02119377;0.02450066;0.02795227;0.03146148;0.03494612;0.03833967;0.04154373;0.0444101;0.04686343;0.04878719;0.05008414;0.05063456;0.05024266;0.04926156;0.04778381;0.04585458;0.0435385;0.04094709;0.03813808;0.03516125;0.03211234;0.02904412;0.02601363;0.02306389;0.02023021;0.01754401;0.01506153;0.01280093;0.01068085;0.00869363;0.00690862;0.00519237;0.00363784;0.00232357;0.00127926;0.0005089;0;-0.00048639;-0.00115863;-0.00199366;-0.00297602;-0.00409829;-0.00535753;-0.00674791;-0.00822958;-0.00972253;-0.01120048;-0.01274399;-0.01436313;-0.01602719;-0.01770463;-0.01939123;-0.02106262;-0.02267671;-0.02422813;-0.02565484;-0.02692232;-0.02798839;-0.02880746;-0.02932075;-0.02949213;-0.02925556;-0.02828429;-0.02676748;-0.02482905;-0.02256651;-0.02009398;-0.01748924;-0.01486789;-0.01230448;-0.00985628;-0.00759753;-0.00555691;-0.00378825;-0.00231011;-0.00113691;-0.00020172;0.0004517;0.00090096;0.00110305;0.00100898;0.00079084;0.00055527;0.00034742;0.00018488;0.0000707;0
NACA 64-210;0;0.00034064;0.0008275;0.00145551;0.00222415;0.00314182;0.00423441;0.00556768;0.00724811;0.00924221;0.0115365;0.01421434;0.01721891;0.02056824;0.024232;0.02817957;0.0323278;0.03657689;0.0408315;0.04499687;0.04894418;0.05251736;0.05560895;0.05807457;0.05979151;0.06060418;0.06026318;0.05917315;0.05746242;0.05519331;0.05243835;0.04936101;0.04603201;0.0424922;0.038857;0.03519784;0.0315746;0.02803021;0.02462154;0.02138828;0.01839649;0.01567199;0.01312864;0.01075252;0.00861395;0.00651033;0.00457052;0.00292026;0.00160679;0.00063849;0;-0.00060872;-0.00144762;-0.00248673;-0.00370729;-0.0051041;-0.00668492;-0.00846892;-0.01038774;-0.01233972;-0.01430779;-0.01637987;-0.01856566;-0.0208251;-0.02311538;-0.02541572;-0.0276974;-0.02991309;-0.03204558;-0.03400628;-0.03577467;-0.0372929;-0.03846388;-0.03922169;-0.03951052;-0.03922842;-0.03799677;-0.03605735;-0.03357191;-0.03066442;-0.02747808;-0.024125;-0.02072721;-0.01739052;-0.01420016;-0.01124471;-0.00856609;-0.0062333;-0.00425959;-0.00265971;-0.00135526;-0.0003986;0.00030162;0.00069335;0.00071815;0.00058017;0.00040552;0.00024743;0.00012646;0.00004598;0
NACA 65-206;0;0.00030926;0.00075358;0.00132937;0.00203565;0.00287661;0.00386675;0.00504437;0.00647198;0.00812603;0.00998961;0.01209561;0.01440845;0.01691757;0.01959668;0.02239667;0.02526721;0.02812603;0.03090064;0.03352467;0.03590498;0.03792407;0.03947098;0.0404437;0.04082377;0.04066292;0.04000045;0.03893026;0.03751691;0.03580027;0.03379494;0.03160076;0.02926764;0.02683095;0.02435666;0.0218766;0.01944765;0.01712005;0.01492507;0.01288299;0.01103374;0.00938936;0.00785238;0.00639769;0.00504196;0.00376491;0.00262865;0.00167538;0.00092103;0.000366;0;-0.00034929;-0.00083125;-0.00142866;-0.00212932;-0.00292536;-0.00380816;-0.00475741;-0.0056849;-0.00654935;-0.00738113;-0.00826868;-0.00922572;-0.01022916;-0.01126487;-0.0123323;-0.01340036;-0.01442512;-0.01541909;-0.01635713;-0.01721313;-0.01795837;-0.01855508;-0.01899395;-0.01924918;-0.01927839;-0.01901731;-0.01842132;-0.01743909;-0.01608811;-0.0144677;-0.01269053;-0.01084068;-0.00898764;-0.00718893;-0.0055106;-0.00397531;-0.00262128;-0.00148011;-0.00056642;0.00017234;0.0007032;0.00106714;0.00121006;0.00108203;0.00084299;0.00059243;0.00037253;0.00019979;0.0000771;0
NACA 65-209;0;0.00035997;0.00087429;0.00153752;0.00234915;0.00331833;0.0044731;0.00588458;0.0076673;0.00978046;0.01219437;0.0149661;0.0180419;0.02142532;0.02507731;0.0289271;0.0329142;0.03695218;0.04091464;0.04469828;0.04816858;0.05115826;0.05351547;0.05506001;0.05574152;0.05564145;0.05484218;0.05345942;0.05158908;0.04929761;0.04661826;0.04367487;0.04052847;0.03722514;0.03386162;0.03049669;0.02719581;0.02401495;0.02100191;0.01818717;0.01562461;0.01333809;0.01121518;0.00921944;0.00735175;0.00553367;0.00387905;0.00247781;0.00136393;0.0005424;0;-0.00051804;-0.00123344;-0.00212143;-0.00316579;-0.00435992;-0.00570423;-0.00719947;-0.00873701;-0.01023858;-0.01173602;-0.01334881;-0.01509591;-0.01693661;-0.0188441;-0.02080179;-0.02277338;-0.02470485;-0.02658621;-0.02835406;-0.02997731;-0.03141056;-0.03259567;-0.03350466;-0.03408279;-0.03425526;-0.03393688;-0.03303945;-0.03148078;-0.02931126;-0.0267107;-0.02383406;-0.02081579;-0.01776895;-0.01478901;-0.01199328;-0.00940918;-0.00708546;-0.00507586;-0.00340427;-0.00200598;-0.00093065;-0.00011282;0.0003795;0.00048134;0.00040491;0.00028137;0.00016597;0.00007999;0.00002678;0
NACA 65-210;0;0.00037543;0.00091095;0.00160048;0.00244369;0.00345148;0.00465657;0.00614148;0.00803865;0.0103006;0.0128909;0.01587022;0.01918284;0.02284623;0.02681871;0.03102438;0.03539221;0.03982553;0.04418456;0.04835962;0.05220444;0.05552436;0.05816384;0.05991077;0.0607058;0.06064119;0.05979037;0.05830975;0.05629908;0.05382197;0.05091055;0.04770794;0.0442837;0.0406929;0.03703757;0.03337704;0.02978285;0.02631642;0.02302318;0.01993956;0.01713599;0.01464359;0.01232529;0.01013786;0.00810178;0.00610823;0.00428383;0.00273605;0.00150539;0.00059828;0;-0.00057065;-0.00135756;-0.00233305;-0.00347999;-0.0047941;-0.00628387;-0.00796877;-0.00971793;-0.01143032;-0.01314703;-0.01500632;-0.01702957;-0.01915891;-0.02135838;-0.02361817;-0.02589591;-0.02812571;-0.03030144;-0.03235389;-0.03424407;-0.03591568;-0.03729307;-0.03834794;-0.03902742;-0.03925438;-0.03890233;-0.03789107;-0.03612815;-0.0336729;-0.03073712;-0.02748342;-0.02407036;-0.02062401;-0.01724796;-0.01407101;-0.01113186;-0.00848975;-0.00620323;-0.00429695;-0.00269326;-0.00144353;-0.00047875;0.00012599;0.00029983;0.00027301;0.00018766;0.00010356;0.00004365;0.00001146;0
NACA 65-410;0;0.00056986;0.00139075;0.00245704;0.00376646;0.00532361;0.00714713;0.00928829;0.0118301;0.01473947;0.01800059;0.02167268;0.02569436;0.03004313;0.03467325;0.0395066;0.04446781;0.04943222;0.05424532;0.0587994;0.06294217;0.06645271;0.06918218;0.07092079;0.07161029;0.07134087;0.07017593;0.06829413;0.06581159;0.06279535;0.05927191;0.05541604;0.05130503;0.04701847;0.04266391;0.03831823;0.03405905;0.02996402;0.02608986;0.02247901;0.01920261;0.01632832;0.01370901;0.01128946;0.00912115;0.0069593;0.00486533;0.00307033;0.00165897;0.00064528;0;-0.0005892;-0.00135957;-0.00225615;-0.00324709;-0.004331;-0.00554192;-0.00696386;-0.00849971;-0.00990974;-0.01123414;-0.01262085;-0.01410776;-0.01565177;-0.01721333;-0.01880159;-0.02038128;-0.02188554;-0.02334036;-0.02470581;-0.02593809;-0.02698466;-0.02780065;-0.02837049;-0.02865028;-0.02856725;-0.02800337;-0.02688156;-0.02511009;-0.02274899;-0.02000921;-0.01704535;-0.01401713;-0.01103115;-0.00817935;-0.0055997;-0.00330001;-0.00133063;0.00026555;0.00147586;0.00239717;0.00297705;0.00329179;0.00324825;0.00276682;0.00212621;0.00149681;0.00095138;0.00051865;0.000204;0
NACA 66-018;0;0.00029718;0.00073367;0.00133257;0.00211032;0.0031483;0.00452343;0.00633437;0.00891956;0.01226612;0.01644667;0.02134598;0.0268878;0.03318175;0.0401567;0.04765584;0.0554762;0.06333225;0.07085664;0.07769036;0.08324223;0.08668541;0.08877227;0.08980734;0.08989173;0.08909367;0.08742026;0.08496461;0.08185206;0.07817149;0.07394947;0.06934187;0.06443357;0.05925668;0.0539775;0.04868486;0.0435068;0.03853978;0.03382901;0.02941565;0.02538334;0.02174807;0.01838663;0.01526587;0.0123195;0.00947325;0.00686076;0.00450873;0.00255037;0.00104153;0;-0.00104153;-0.00255037;-0.00450873;-0.00686076;-0.00947325;-0.0123195;-0.01526587;-0.01838663;-0.02174807;-0.02538334;-0.02941565;-0.03382901;-0.03853978;-0.0435068;-0.04868486;-0.0539775;-0.05925668;-0.06443357;-0.06934187;-0.07394947;-0.07817149;-0.08185206;-0.08496461;-0.08742026;-0.08909367;-0.08989173;-0.08980734;-0.08877227;-0.08668541;-0.08324223;-0.07769035;-0.07085665;-0.06333222;-0.05547617;-0.0476562;-0.04015613;-0.03317928;-0.02688622;-0.02132502;-0.01645221;-0.01238159;-0.00897734;-0.0063343;-0.00452302;-0.00314817;-0.00211036;-0.0013326;-0.00073368;-0.00029718;0
NACA 66-206;0;0.00034962;0.00085087;0.0014992;0.00229375;0.00324086;0.00436112;0.00570781;0.00736705;0.00930573;0.01149632;0.01397212;0.01668029;0.01957335;0.02261675;0.02574649;0.02889272;0.03191537;0.03468416;0.03706233;0.03887062;0.03999059;0.04067618;0.04097228;0.04086853;0.04037557;0.03950472;0.0382891;0.03677835;0.03500745;0.03298453;0.03079461;0.02847985;0.02606532;0.02361868;0.02118257;0.01881404;0.01655985;0.01442934;0.01244485;0.01066331;0.00909761;0.00761526;0.00619433;0.00489456;0.00366126;0.00255831;0.00163111;0.0008968;0.00035637;0;-0.00034007;-0.00080919;-0.00139029;-0.0020706;-0.00284032;-0.00368568;-0.00457614;-0.00546262;-0.0062802;-0.00703198;-0.00784631;-0.00874218;-0.00967969;-0.01064064;-0.01164634;-0.01266949;-0.01366536;-0.01463584;-0.01555413;-0.01640408;-0.01716546;-0.01781511;-0.01835048;-0.01875099;-0.01898852;-0.01905971;-0.01894872;-0.01864575;-0.01815942;-0.01743822;-0.01622961;-0.01462017;-0.01276796;-0.01080165;-0.00884393;-0.00697659;-0.00525729;-0.00373243;-0.00242531;-0.00131965;-0.00046444;0.00018164;0.00055322;0.00059192;0.00048164;0.0003363;0.00020397;0.00010321;0.00003704;0
NACA 66-209;0;0.00041667;0.00101071;0.00177523;0.00270997;0.00382749;0.00516538;0.00681828;0.0089372;0.01146586;0.01435741;0.01766799;0.02132415;0.02529522;0.02952545;0.03389944;0.0383257;0.04263411;0.04662132;0.0500889;0.0527708;0.05444771;0.05547197;0.05593436;0.05584548;0.05522432;0.0540705;0.05245709;0.05043964;0.04806296;0.04535657;0.0424206;0.03930516;0.03604432;0.03273168;0.02943026;0.02621475;0.02314838;0.02024835;0.01754482;0.01511093;0.01297107;0.0109492;0.00900432;0.00721935;0.00545383;0.00382969;0.00244842;0.00134838;0.00053636;0;-0.00051241;-0.00122014;-0.00209829;-0.00312948;-0.00430356;-0.00561191;-0.00703543;-0.00850478;-0.00991807;-0.01126813;-0.01274291;-0.0143745;-0.01609967;-0.01788806;-0.01975379;-0.021658;-0.02353513;-0.02537088;-0.02710614;-0.02871896;-0.03017614;-0.03144432;-0.03249841;-0.03330514;-0.03383182;-0.03403556;-0.03391121;-0.03344039;-0.03261055;-0.03132302;-0.0292276;-0.02651409;-0.02342929;-0.02016997;-0.01694849;-0.01384619;-0.01092466;-0.00831533;-0.0060657;-0.00413524;-0.00258842;-0.00136087;-0.00053925;-0.00020138;-0.00009778;-0.00007508;-0.00006892;-0.00005483;-0.00002925;0
NACA 66-210;0;0.00043693;0.00105884;0.00185806;0.00283454;0.00400299;0.00540677;0.00715464;0.00941969;0.01213832;0.01525882;0.01884829;0.02282128;0.02714011;0.03174694;0.03653285;0.04138112;0.04609212;0.05052165;0.05440497;0.05738496;0.05925261;0.06039354;0.06092423;0.06085111;0.06018066;0.05893672;0.05718076;0.05498878;0.05241648;0.0494845;0.04629617;0.04290714;0.03936624;0.03577202;0.03218745;0.02869175;0.02535262;0.02218595;0.01922812;0.01656966;0.01424399;0.01205267;0.00993678;0.00796589;0.00601754;0.00422449;0.00269981;0.0014861;0.00059082;0;-0.00056383;-0.00134171;-0.00230615;-0.00343918;-0.00473357;-0.00619015;-0.00781099;-0.0094864;-0.01109278;-0.01264186;-0.01434165;-0.01622941;-0.01823287;-0.02030861;-0.02240946;-0.02455467;-0.02676789;-0.02894095;-0.03095489;-0.0328213;-0.03451165;-0.03597988;-0.03721235;-0.03816637;-0.03878596;-0.03904067;-0.03890132;-0.03836137;-0.03741262;-0.03593053;-0.03353121;-0.03039393;-0.02686464;-0.02319885;-0.01953281;-0.01600991;-0.01273158;-0.00979028;-0.00722742;-0.00502069;-0.00324847;-0.00183449;-0.00087037;-0.0004399;-0.00027148;-0.00019846;-0.00015096;-0.00010248;-0.00004931;0
NACA 63(2)-615;0;0.00075996;0.00185758;0.00328667;0.00504352;0.00713;0.00955976;0.01237448;0.01564358;0.01934748;0.02351409;0.02828102;0.03355721;0.03934051;0.04558026;0.05224682;0.05921927;0.06635019;0.07344363;0.08033938;0.08683168;0.09266735;0.09767001;0.10166585;0.10449375;0.10600711;0.10605724;0.10468286;0.1020905;0.09843426;0.09378624;0.08847701;0.08260252;0.07633705;0.06982204;0.06323158;0.05665523;0.05021699;0.04405333;0.03824363;0.03287196;0.02806527;0.02373862;0.019799;0.01642681;0.01382922;0.01043254;0.00671948;0.00361421;0.0013784;0;-0.00118326;-0.00259414;-0.00402806;-0.0053614;-0.00658946;-0.00785875;-0.009542;-0.01217223;-0.01503703;-0.01785095;-0.0206985;-0.02359236;-0.02653974;-0.02944639;-0.03230177;-0.03502984;-0.03750426;-0.039786;-0.04174372;-0.04334571;-0.04445058;-0.04495794;-0.04481436;-0.04387581;-0.04197024;-0.03917973;-0.0356445;-0.03152939;-0.02701286;-0.02227591;-0.01751186;-0.01287782;-0.00851932;-0.00456796;-0.00119311;0.00163606;0.00385372;0.00547059;0.00650272;0.00711619;0.00724379;0.0070465;0.00643076;0.00530876;0.00404213;0.00284944;0.0018248;0.00100597;0.00040065;0
NACA 63(3)-018;0;0.00015135;0.00037096;0.00066754;0.00107254;0.00162122;0.00238208;0.00345337;0.00493785;0.00691178;0.0094339;0.01253659;0.01623142;0.02056292;0.02554838;0.03116017;0.0373345;0.04393254;0.05081642;0.05778493;0.06462264;0.07110406;0.07697143;0.08200143;0.08596417;0.0886592;0.08993983;0.08981355;0.08839751;0.08587762;0.08244474;0.07824837;0.07347324;0.06828382;0.06280326;0.0571248;0.05137163;0.04567192;0.040151;0.03488102;0.02978936;0.02480906;0.01996295;0.01550894;0.01159131;0.00835905;0.00570439;0.00364018;0.00203897;0.00083022;0;-0.00083022;-0.00203897;-0.00364018;-0.00570439;-0.00835905;-0.01159131;-0.01550894;-0.01996295;-0.02480906;-0.02978936;-0.03488102;-0.040151;-0.04567192;-0.05137163;-0.0571248;-0.06280326;-0.06828382;-0.07347324;-0.07824837;-0.08244474;-0.08587762;-0.08839751;-0.08981355;-0.08993983;-0.0886592;-0.08596417;-0.08200143;-0.07697143;-0.07110406;-0.06462264;-0.05778493;-0.05081642;-0.04393254;-0.0373345;-0.03116017;-0.02554838;-0.02056292;-0.01623142;-0.01253659;-0.0094339;-0.00691178;-0.00493785;-0.00345337;-0.00238208;-0.00162122;-0.00107254;-0.00066754;-0.00037096;-0.00015135;0
NACA 63(3)-218;0;0.00039965;0.00096602;0.00169097;0.00257503;0.00363531;0.00492107;0.0065546;0.00873234;0.01139941;0.01454734;0.01835762;0.02273465;0.02776853;0.03341712;0.03967868;0.04643037;0.0535788;0.06090195;0.06822929;0.07535235;0.08198942;0.08791516;0.0929072;0.09674425;0.09926289;0.10031727;0.09930764;0.09929533;0.09937337;0.09245014;0.08550928;0.08047599;0.07487285;0.06869407;0.06237835;0.05606218;0.04978752;0.04372819;0.03796345;0.03259638;0.02768134;0.02310115;0.01882346;0.01517051;0.01159464;0.00815402;0.00519355;0.00284006;0.00111977;0;-0.00105051;-0.00247139;-0.00419672;-0.0061945;-0.00848298;-0.01115409;-0.01443661;-0.0183489;-0.02256498;-0.02689373;-0.03147138;-0.03631814;-0.04136529;-0.04651644;-0.05166969;-0.05672203;-0.06153411;-0.06611463;-0.07024853;-0.07385053;-0.07674383;-0.07871248;-0.07971838;-0.07955217;-0.07793404;-0.07499539;-0.07090672;-0.06586061;-0.06007795;-0.05378876;-0.04722847;-0.04064789;-0.03423212;-0.02814147;-0.02259511;-0.01762189;-0.01332098;-0.00968591;-0.00673155;-0.00431424;-0.00251908;-0.00115713;-0.00027904;0.00003904;0.00009117;0.00005756;0.0000139;-0.00001089;-0.00001251;0
NACA 63(3)-618;0;0.00078942;0.0019276;0.00340723;0.00522495;0.00738573;0.00991168;0.01286514;0.01634696;0.02032836;0.02483856;0.03004554;0.03584619;0.04227486;0.04927222;0.05681741;0.06476412;0.07295804;0.08117931;0.08924603;0.09692344;0.10390636;0.10997116;0.11490768;0.11851062;0.12059435;0.12100228;0.11970337;0.11696082;0.11298018;0.10784051;0.10191155;0.09528684;0.08821576;0.08084082;0.07336869;0.06588302;0.05853215;0.05147934;0.04482494;0.03866355;0.03314614;0.02820211;0.02368175;0.01973331;0.01694533;0.01362484;0.0090094;0.00488706;0.00186414;0;-0.00157919;-0.00341658;-0.00520499;-0.00675396;-0.00804785;-0.00929386;-0.01102601;-0.01416114;-0.01788802;-0.02161622;-0.02540712;-0.02930104;-0.03330059;-0.0372889;-0.04123597;-0.04503527;-0.0485302;-0.05179069;-0.05464145;-0.05703185;-0.05875435;-0.05969661;-0.05979885;-0.05886031;-0.05661956;-0.05325099;-0.04891042;-0.04380648;-0.0381726;-0.03223643;-0.02624817;-0.02041561;-0.01491625;-0.00990215;-0.0055659;-0.00188209;0.00106967;0.00330069;0.00483537;0.00586487;0.00631605;0.00638056;0.00596209;0.00496886;0.00379384;0.00267293;0.00170749;0.00093789;0.00037204;0
NACA 63(4)-221;0;0.00042579;0.00102774;0.00179654;0.00273311;0.00385784;0.00522895;0.0069904;0.00937255;0.01230975;0.015788;0.02001011;0.02487457;0.03051103;0.03687622;0.04398538;0.05169677;0.05991674;0.06838918;0.07691114;0.08524074;0.09306046;0.10007621;0.10603011;0.11068219;0.11381225;0.11520355;0.11473142;0.11269698;0.1093555;0.10479222;0.09932922;0.0931149;0.08638246;0.07934704;0.07208807;0.06475023;0.05747786;0.05044704;0.04374107;0.03748569;0.03175011;0.02641945;0.02146078;0.01731057;0.01329487;0.00936017;0.00595661;0.00325057;0.00127808;0;-0.00119189;-0.00279233;-0.00471962;-0.00693539;-0.00946638;-0.01243671;-0.0161566;-0.02072707;-0.02576154;-0.03097738;-0.03649964;-0.04234445;-0.04843202;-0.05464487;-0.0608818;-0.06700349;-0.07280742;-0.0783376;-0.08334997;-0.08770729;-0.09118175;-0.0935573;-0.09475265;-0.09450735;-0.09251308;-0.0889509;-0.08404044;-0.0780112;-0.07111674;-0.06362743;-0.0558447;-0.04805857;-0.04048901;-0.03332728;-0.02682783;-0.02101675;-0.01600682;-0.01178021;-0.00834673;-0.00552664;-0.00340888;-0.00178304;-0.0007067;-0.00026461;-0.00012883;-0.00009886;-0.00009056;-0.00007193;-0.00003835;0
NACA 63(4)-421;0;0.00062027;0.00150748;0.00265271;0.00405499;0.00572885;0.00771939;0.01014184;0.01317896;0.01677641;0.02093988;0.0258655;0.03144714;0.03778914;0.04483461;0.05258724;0.06089629;0.06964235;0.0785641;0.08744925;0.09604544;0.10403401;0.11110716;0.117036;0.12151683;0.12431323;0.12553825;0.12475532;0.12229267;0.11848236;0.11338548;0.10737542;0.10056869;0.09325637;0.08561792;0.07780192;0.069919;0.0621422;0.05465001;0.04752786;0.04090238;0.0349055;0.02944113;0.0243997;0.02010974;0.01662686;0.01220998;0.00781372;0.00421084;0.00161711;0;-0.00141909;-0.00317097;-0.00505379;-0.00695358;-0.00888786;-0.01105138;-0.01392935;-0.01814486;-0.02295842;-0.02790441;-0.03306024;-0.03845809;-0.04405881;-0.04972289;-0.05539274;-0.06092867;-0.06611082;-0.07101915;-0.07542182;-0.07921669;-0.08213939;-0.08401799;-0.08478322;-0.08417639;-0.08186811;-0.07808974;-0.07304753;-0.0669792;-0.0601461;-0.05281889;-0.04531717;-0.03789944;-0.03078439;-0.02416207;-0.01827186;-0.01311156;-0.00878181;-0.0052622;-0.00254042;-0.00041634;0.00102744;0.00200269;0.00242791;0.00221108;0.00173047;0.00121438;0.00075977;0.00040441;0.00015471;0
NACA 64(1)-212;0;0.00036432;0.00088347;0.00155131;0.00236765;0.00334381;0.00451359;0.00596186;0.00782537;0.01006059;0.01264619;0.01567888;0.01909533;0.02293498;0.02716227;0.03173997;0.03657474;0.04156487;0.04658881;0.05152943;0.05623551;0.06053166;0.06426966;0.06729344;0.06945462;0.07054356;0.0702532;0.06906586;0.06714193;0.06455716;0.06139431;0.0578405;0.05397886;0.04987192;0.0456488;0.04138227;0.03715039;0.0330143;0.02903395;0.02525189;0.0217402;0.0185311;0.01554959;0.01278658;0.01032366;0.00785005;0.00552231;0.00352886;0.00193987;0.00076971;0;-0.00073145;-0.00173568;-0.00297448;-0.00442482;-0.00608302;-0.00796661;-0.0101189;-0.01246675;-0.01489025;-0.0173737;-0.01999151;-0.02274831;-0.02560287;-0.02850592;-0.03143851;-0.03435374;-0.03717538;-0.03989537;-0.04240767;-0.04467425;-0.04661647;-0.04811784;-0.04910257;-0.04949819;-0.04917231;-0.04766656;-0.0452794;-0.04222924;-0.03866763;-0.03475126;-0.03063176;-0.02645261;-0.02234329;-0.01841107;-0.01477019;-0.01146416;-0.00857104;-0.0061123;-0.00410492;-0.0024503;-0.00120631;-0.00026826;0.00030332;0.00044111;0.00037944;0.00026285;0.00015218;0.00007083;0.00002245;0
NACA 642-015;0;0.00020473;0.00048635;0.00083683;0.00125834;0.00177215;0.00243618;0.00339086;0.00486273;0.00678435;0.00910911;0.01196671;0.01528097;0.01913709;0.02350556;0.02836947;0.03362518;0.03919006;0.04490458;0.0506347;0.0562147;0.06143444;0.06610497;0.07002491;0.07301415;0.07479609;0.0749185;0.07398091;0.07218144;0.06962468;0.06642014;0.06276475;0.05876001;0.05445849;0.05001609;0.04548722;0.04096827;0.03652604;0.03221658;0.02809478;0.02423459;0.0206495;0.01727326;0.01411263;0.01119047;0.00845091;0.00600476;0.00391451;0.00220862;0.0009013;0;-0.0009013;-0.00220862;-0.00391451;-0.00600476;-0.00845091;-0.01119047;-0.01411263;-0.01727326;-0.0206495;-0.02423459;-0.02809478;-0.03221658;-0.03652604;-0.04096827;-0.04548722;-0.05001609;-0.05445849;-0.05876001;-0.06276475;-0.06642014;-0.06962468;-0.07218144;-0.07398091;-0.0749185;-0.07479609;-0.07301415;-0.07002491;-0.06610497;-0.06143444;-0.0562147;-0.0506347;-0.04490458;-0.03919006;-0.03362518;-0.02836947;-0.02350556;-0.01913709;-0.01528097;-0.01196671;-0.00910911;-0.00678435;-0.00486273;-0.00339086;-0.00243618;-0.00177215;-0.00125834;-0.00083683;-0.00048635;-0.00020473;0
NACA 64(2)-215;0;0.00039889;0.00096544;0.00169211;0.00257914;0.0036417;0.00492401;0.00653634;0.00865543;0.011226;0.01422288;0.01777339;0.02179653;0.02634681;0.03138549;0.03689262;0.04275056;0.04884069;0.05500697;0.06111161;0.066977;0.07237817;0.07712856;0.08102888;0.0839024;0.08548025;0.08530443;0.08397746;0.08172284;0.0786443;0.07484376;0.07056618;0.06591055;0.06094179;0.05581748;0.05063812;0.04549394;0.04045518;0.03560677;0.03099996;0.02671664;0.02280031;0.01918033;0.01584524;0.01287869;0.00985719;0.00694599;0.00443578;0.00243355;0.00096297;0;-0.00090987;-0.00215067;-0.00367001;-0.00543821;-0.0074562;-0.00976324;-0.01245716;-0.01545969;-0.01859023;-0.02183737;-0.02527284;-0.02889812;-0.03266572;-0.03651268;-0.04039829;-0.04426537;-0.04802461;-0.05165031;-0.05498987;-0.05801614;-0.06062605;-0.06264998;-0.0639922;-0.0645462;-0.06411847;-0.06212834;-0.05902131;-0.05508152;-0.05049237;-0.04545671;-0.04016565;-0.03481385;-0.02955618;-0.02452021;-0.01985811;-0.01562943;-0.01193192;-0.00877131;-0.00616363;-0.00399887;-0.00235044;-0.00108278;-0.00026166;0.00003606;0.00008496;0.00005361;0.00001285;-0.00001027;-0.00001174;0
NACA 64(2)-415;0;0.00059286;0.00144388;0.00254588;0.0038972;0.00550714;0.00740688;0.00967795;0.01245072;0.01568111;0.01935939;0.02360204;0.02832909;0.03357452;0.03928878;0.04542787;0.05187288;0.05848779;0.06510488;0.07159443;0.07776601;0.08332778;0.08815059;0.09203418;0.09479112;0.09616042;0.09569196;0.09398484;0.09128078;0.08768453;0.08330284;0.07840739;0.07309305;0.06746394;0.06166853;0.05584511;0.05008105;0.04445734;0.03907322;0.03398412;0.02927084;0.02501652;0.02114553;0.01763586;0.01464096;0.01173003;0.00838177;0.00532407;0.00287288;0.00111067;0;-0.00099583;-0.00226497;-0.00369253;-0.00521332;-0.00683318;-0.00864969;-0.01090831;-0.01373847;-0.01660748;-0.01951317;-0.02253183;-0.02566134;-0.02888268;-0.03212102;-0.03536571;-0.03856548;-0.04163311;-0.04457477;-0.04725488;-0.04964821;-0.05164957;-0.05313632;-0.05401515;-0.05417624;-0.05343708;-0.0512429;-0.04801872;-0.04405801;-0.03955225;-0.03470305;-0.02969699;-0.02471833;-0.01991602;-0.01541524;-0.01136826;-0.00778574;-0.00474719;-0.00227778;-0.00038193;0.00108893;0.0020704;0.00269495;0.00287163;0.00251341;0.00194626;0.00136836;0.00086407;0.00046647;0.00018143;0
NACA 64(3)-418;0;0.00062555;0.00152154;0.00267952;0.00409821;0.00579044;0.00779686;0.01022216;0.0132322;0.01677247;0.02083376;0.02556584;0.03086962;0.03679599;0.04329162;0.0503371;0.05778329;0.06547579;0.0732286;0.08086468;0.08816244;0.09486588;0.10073532;0.10552933;0.10904606;0.11096313;0.11066042;0.10885667;0.10585959;0.10179666;0.09679271;0.09118345;0.08507902;0.07861265;0.07194235;0.06523064;0.05857476;0.0520755;0.0458443;0.03994282;0.03446701;0.0295211;0.02504079;0.02101554;0.01761539;0.01450804;0.01054532;0.00673298;0.00363246;0.00139963;0;-0.00124094;-0.0027965;-0.00450538;-0.00627474;-0.00811136;-0.01015178;-0.01273924;-0.01619206;-0.01976829;-0.02347357;-0.02735802;-0.03139756;-0.03557047;-0.03978239;-0.04401956;-0.04821301;-0.05224415;-0.05612344;-0.05967586;-0.06287433;-0.0655737;-0.06759838;-0.06883638;-0.06914109;-0.06826747;-0.06553384;-0.06152985;-0.05662588;-0.05104241;-0.04503314;-0.03885577;-0.03270078;-0.02675486;-0.02117424;-0.01612628;-0.01165581;-0.00786131;-0.00469875;-0.00226171;-0.00034733;0.00109373;0.00202011;0.00234101;0.00209453;0.00163156;0.00114585;0.00071978;0.0003855;0.00014856;0
NACA 64(3)-618;0;0.00082142;0.00200479;0.00354209;0.00543007;0.0076754;0.01030495;0.01339291;0.01705675;0.02125541;0.02599812;0.03142677;0.03744118;0.04406972;0.05124552;0.05891624;0.06694522;0.07517666;0.08338121;0.09138207;0.09895706;0.10582721;0.11176315;0.11653065;0.11992974;0.12164502;0.12105837;0.11889;0.11546738;0.11091102;0.10535084;0.09915481;0.09242477;0.08533282;0.0780135;0.07068937;0.06344679;0.05639316;0.04965092;0.04330273;0.03743184;0.03218158;0.02749807;0.02330531;0.01973452;0.01722543;0.014089;0.00938739;0.00510679;0.0019502;0;-0.00165219;-0.00357315;-0.00543896;-0.00704543;-0.00836671;-0.00960042;-0.01126307;-0.01424299;-0.01760688;-0.02098018;-0.02445707;-0.0280101;-0.03165035;-0.0352837;-0.03889899;-0.04242938;-0.04578732;-0.04899697;-0.05189789;-0.05447454;-0.05657969;-0.05807762;-0.05886034;-0.05878023;-0.05760243;-0.0546622;-0.05053202;-0.0455983;-0.04009092;-0.03426342;-0.02836848;-0.02259087;-0.01709438;-0.01202943;-0.00760246;-0.00378522;-0.00065043;0.00177841;0.00352184;0.00476589;0.00544068;0.00571214;0.00546252;0.00459353;0.00351627;0.00247598;0.00157787;0.00086367;0.00034128;0
NACA 64(4)-221;0;0.00046022;0.00111055;0.00194079;0.00295204;0.00416681;0.00564926;0.00755799;0.01014531;0.01333226;0.01708317;0.02157617;0.02670746;0.03258992;0.03917443;0.04645402;0.05427634;0.06251897;0.07096623;0.07941415;0.08761254;0.09526953;0.1021305;0.10791907;0.11238269;0.11509705;0.11528279;0.11377266;0.1109178;0.10688294;0.1018195;0.09607006;0.08976953;0.08304777;0.07610696;0.06908444;0.06210358;0.05526879;0.04867553;0.04238802;0.0365346;0.03119596;0.0263058;0.02186547;0.01799858;0.01400817;0.00991803;0.00632694;0.00345582;0.00135899;0;-0.00126667;-0.00296556;-0.00500648;-0.00734124;-0.00998177;-0.01302174;-0.01669744;-0.02098175;-0.02550899;-0.03030272;-0.03541355;-0.04082891;-0.04646464;-0.05221345;-0.05804306;-0.06386733;-0.06953815;-0.07502608;-0.08009996;-0.08470287;-0.08866034;-0.09171833;-0.09373429;-0.09452358;-0.09376765;-0.09064942;-0.08592909;-0.0800666;-0.07332708;-0.06599501;-0.05834323;-0.05062361;-0.04307276;-0.03588615;-0.02926639;-0.02327926;-0.01805218;-0.01358198;-0.00988225;-0.00679347;-0.00440759;-0.00253744;-0.00126239;-0.00067772;-0.00043307;-0.00031462;-0.00023276;-0.00015355;-0.00007228;0
NACA 64(4)-421;0;0.00065516;0.0015914;0.00279895;0.00427698;0.00604222;0.00814582;0.01071799;0.01396315;0.01781305;0.02225205;0.02745178;0.03330267;0.03988908;0.04714986;0.05507216;0.06349058;0.07225368;0.08114785;0.0899566;0.09841753;0.10624334;0.11316392;0.11891527;0.12325282;0.12576392;0.1256779;0.12381217;0.12054198;0.11602577;0.11042176;0.10411168;0.0972114;0.08989168;0.08232425;0.07471607;0.067172;0.05980625;0.05273757;0.04603262;0.03980821;0.03419744;0.02913;0.02457342;0.02071901;0.01749891;0.01304473;0.00839337;0.00453245;0.0017413;0;-0.00152589;-0.00340423;-0.0054121;-0.00741857;-0.00942848;-0.01162342;-0.01446132;-0.0185201;-0.02285896;-0.02736373;-0.0321024;-0.03706084;-0.04220011;-0.04739435;-0.05263466;-0.05784238;-0.0628746;-0.06773032;-0.07217851;-0.07619059;-0.07958035;-0.08214344;-0.08373578;-0.08416028;-0.08310652;-0.07978634;-0.07493567;-0.06903438;-0.06235598;-0.0551865;-0.04781236;-0.04045962;-0.03336187;-0.0267106;-0.02069973;-0.01536362;-0.0108146;-0.00705153;-0.00406573;-0.00167562;0.00003427;0.0012519;0.00187348;0.00179789;0.00142583;0.00099825;0.00061734;0.00032268;0.00012075;0
NACA 65(1)-212;0;0.00040536;0.00098222;0.00172338;0.00262885;0.00371242;0.00501476;0.00663779;0.00874446;0.01127935;0.01420675;0.01761785;0.02143303;0.02565445;0.03023999;0.03514284;0.04025729;0.04544755;0.05061401;0.0555973;0.0601868;0.06419403;0.067393;0.06955989;0.07062409;0.07065181;0.06970766;0.0680156;0.06570122;0.06284306;0.05948936;0.05578621;0.0518105;0.04764356;0.04339708;0.03912376;0.03492382;0.03088894;0.02704436;0.02343012;0.02013803;0.01721599;0.01452884;0.0120327;0.00971902;0.00738255;0.00519304;0.00331987;0.00182632;0.00072531;0;-0.00069049;-0.00164039;-0.00281449;-0.00419061;-0.00576228;-0.00753788;-0.00953819;-0.01164351;-0.01375463;-0.0159213;-0.01827967;-0.02084905;-0.0235496;-0.0263336;-0.02921356;-0.03212645;-0.03496552;-0.03773559;-0.04035403;-0.04276416;-0.04489408;-0.0466651;-0.04803611;-0.04893703;-0.04926384;-0.04882334;-0.04754238;-0.04535429;-0.04233106;-0.03869924;-0.03469175;-0.03046362;-0.02620715;-0.02207036;-0.01814475;-0.01451084;-0.01125883;-0.00841896;-0.00601496;-0.00398584;-0.00240423;-0.00117071;-0.00036121;-0.00005281;0.00001573;0.00000494;-0.00001778;-0.00002672;-0.0000181;0
NACA 65(1)-412;0;0.0005994;0.00146083;0.0025775;0.00394748;0.00557865;0.00749851;0.00977992;0.01253927;0.01573288;0.01934131;0.02344705;0.02796867;0.03287871;0.03812881;0.04365793;0.04935975;0.05507964;0.06069607;0.06605237;0.07093647;0.07512881;0.07841287;0.08056885;0.08152779;0.08135313;0.08009806;0.07802562;0.07521951;0.07177095;0.06785199;0.0635448;0.0588963;0.05403614;0.04908945;0.04414575;0.03929794;0.0346447;0.0302281;0.02609326;0.02233206;0.01903756;0.0160592;0.0133435;0.01095001;0.00851284;0.00599862;0.00379627;0.00205165;0.00079697;0;-0.0007244;-0.00166548;-0.00275136;-0.00394027;-0.00523111;-0.00667136;-0.00838058;-0.01029966;-0.01211791;-0.01390155;-0.01579558;-0.01784028;-0.01996899;-0.02212246;-0.02432955;-0.02654767;-0.02867864;-0.03074268;-0.03267409;-0.03443085;-0.03594748;-0.03717112;-0.03806101;-0.03855762;-0.03857733;-0.03792631;-0.03653401;-0.03433475;-0.03140142;-0.02796132;-0.02424133;-0.02039422;-0.01659547;-0.01298287;-0.00966294;-0.00667359;-0.00408847;-0.00194004;-0.00024062;0.00110091;0.002017;0.00260696;0.00277155;0.00242397;0.00187659;0.00131939;0.00083328;0.00044995;0.00017505;0
NACA 65(2)-215;0;0.00044834;0.00108433;0.00189912;0.0028932;0.00408486;0.00552705;0.0073515;0.00976782;0.01270509;0.01611811;0.02012342;0.02462663;0.02965518;0.03515608;0.04106955;0.04727855;0.05364678;0.06001221;0.06621049;0.07200016;0.0770454;0.08113628;0.08399755;0.08549417;0.08566327;0.08460118;0.08260757;0.07984716;0.07641759;0.07237657;0.06791258;0.06311489;0.0580707;0.05292173;0.04775594;0.04267;0.03775076;0.03306981;0.02867455;0.02464376;0.02103289;0.01773751;0.01472278;0.01193285;0.00909597;0.00640079;0.00408709;0.0022435;0.00088859;0;-0.00084132;-0.00199153;-0.00340414;-0.00505297;-0.00693922;-0.00909871;-0.01161914;-0.01433794;-0.0170924;-0.0199898;-0.02312314;-0.02650429;-0.0300699;-0.03377204;-0.03757368;-0.04140991;-0.04518107;-0.04886617;-0.05233857;-0.05554324;-0.05838657;-0.06075525;-0.06259617;-0.06381629;-0.06427376;-0.06369917;-0.0619838;-0.05909471;-0.05515398;-0.05043421;-0.04524184;-0.03979807;-0.0343294;-0.02901278;-0.02399454;-0.01935407;-0.01519127;-0.01155386;-0.00847085;-0.00585823;-0.00380047;-0.00217266;-0.00106191;-0.00055773;-0.00035205;-0.00025631;-0.00019149;-0.00012763;-0.00006056;0
NACA 65(2)-415;0;0.00064309;0.00156475;0.00275655;0.00421705;0.00595863;0.00802101;0.01050685;0.01357787;0.01717452;0.02127015;0.02597417;0.03118825;0.03690952;0.04307914;0.04963289;0.05643564;0.0633133;0.07012764;0.07668568;0.08272934;0.0879862;0.09214016;0.09498459;0.09639647;0.09635733;0.09500181;0.09262835;0.08941509;0.08546248;0.0808275;0.0757418;0.0702929;0.06458551;0.05875701;0.05293013;0.04720493;0.04169234;0.03646117;0.03156406;0.02708014;0.02311362;0.01954447;0.01634006;0.0135406;0.01072848;0.00762321;0.00483365;0.00260841;0.00100959;0;-0.00090862;-0.00207302;-0.00339294;-0.00481212;-0.00633683;-0.00805432;-0.01018392;-0.0127618;-0.01524699;-0.01777665;-0.02046258;-0.02333379;-0.02633744;-0.02941244;-0.03256236;-0.03573296;-0.03880977;-0.04180017;-0.04459604;-0.04716029;-0.04940102;-0.05123081;-0.05260461;-0.0534328;-0.0535786;-0.05280283;-0.05097832;-0.04807226;-0.04421381;-0.0396777;-0.03476763;-0.02969227;-0.0246799;-0.01990153;-0.01547997;-0.01147571;-0.00798465;-0.00504559;-0.00266998;-0.00074975;0.00063561;0.00161302;0.00207252;0.00191773;0.00150705;0.00105678;0.00065876;0.00034867;0.00013249;0
NACA 65(2)-415 a=0.5;0;0.00042853;0.00102805;0.00178638;0.00270597;0.00381691;0.0052027;0.0070679;0.00973382;0.01309049;0.01706657;0.02182448;0.02723621;0.0333855;0.04019476;0.04761505;0.05547212;0.06360701;0.07181127;0.07981128;0.08729293;0.09391625;0.09920475;0.10277821;0.10455368;0.10466824;0.10329257;0.10074315;0.09723256;0.09288819;0.08780436;0.08222573;0.07622936;0.069954;0.06353873;0.057157;0.05090187;0.04488386;0.0391963;0.03390863;0.0290644;0.02478074;0.02096945;0.01762176;0.01476804;0.01218958;0.00889889;0.00567387;0.00304734;0.0011663;0;-0.00101658;-0.00225924;-0.00357383;-0.00486831;-0.00614018;-0.00749914;-0.00922343;-0.01159755;-0.01389732;-0.01612191;-0.01842602;-0.02087145;-0.02341337;-0.02597315;-0.02857007;-0.03116386;-0.03364519;-0.03603686;-0.03824896;-0.04027657;-0.0420429;-0.04346419;-0.0445119;-0.04514325;-0.0452817;-0.04464081;-0.04320211;-0.04107559;-0.03838011;-0.03523165;-0.03179551;-0.0281885;-0.02455103;-0.02098905;-0.01760436;-0.01444474;-0.01156378;-0.00901828;-0.00682527;-0.00494553;-0.00343344;-0.00221137;-0.00133794;-0.00086968;-0.00060884;-0.00043535;-0.00029909;-0.00018123;-0.00007938;0
NACA 65(3)-218;0;0.0004847;0.00117036;0.00204656;0.00311429;0.00439621;0.00595713;0.00795753;0.01065178;0.01395485;0.01781574;0.02238167;0.02754245;0.03335296;0.03975148;0.04667675;0.05398899;0.06153896;0.06911898;0.07652072;0.08347679;0.08967139;0.09474108;0.09835681;0.10033458;0.10067719;0.09954807;0.09727283;0.09407075;0.09007082;0.08532959;0.08008101;0.07443295;0.06850156;0.06244047;0.05633057;0.0503024;0.04448631;0.03894205;0.03372989;0.02897742;0.02477951;0.0209754;0.01751554;0.01434696;0.0110428;0.00779464;0.00497705;0.00272733;0.00107738;0;-0.00101416;-0.00239092;-0.00406798;-0.00601042;-0.0082207;-0.01074901;-0.01372096;-0.01698675;-0.02031268;-0.0238336;-0.02769311;-0.03191938;-0.03638912;-0.04102366;-0.04579996;-0.05062841;-0.05535642;-0.05996969;-0.06431283;-0.06834258;-0.07193705;-0.07491084;-0.07722133;-0.07874779;-0.0792873;-0.0785465;-0.07634942;-0.07268854;-0.06775833;-0.06190318;-0.05549195;-0.04881921;-0.04213288;-0.03562784;-0.02950752;-0.02386382;-0.01881452;-0.01440882;-0.01067721;-0.00751448;-0.00501859;-0.00303335;-0.00165364;-0.00097969;-0.00065827;-0.000474;-0.00033671;-0.00021236;-0.00009636;0
NACA 65(3)-618;0;0.00087693;0.00213796;0.00377354;0.00578081;0.00817048;0.0109806;0.01431298;0.01832448;0.02295337;0.02818792;0.0341605;0.04075193;0.04796127;0.05570846;0.06390851;0.07240243;0.08098766;0.08943977;0.0975567;0.10506168;0.11159023;0.11679378;0.12036675;0.12213076;0.12207603;0.12036735;0.11736655;0.11330018;0.10828788;0.10241664;0.09597987;0.08906166;0.08184746;0.07446749;0.06710421;0.05985555;0.0528798;0.04626947;0.04010926;0.03448332;0.02958657;0.02529402;0.02148348;0.01825027;0.0158202;0.012512;0.00820509;0.00444059;0.00169464;0;-0.00144397;-0.00314162;-0.00482417;-0.00632421;-0.00762431;-0.00889489;-0.0105775;-0.01337133;-0.0162523;-0.01908057;-0.02204777;-0.02524644;-0.02861053;-0.0320386;-0.03553614;-0.03904756;-0.04241676;-0.04568024;-0.04872731;-0.05151064;-0.05389593;-0.05581783;-0.05721575;-0.05796894;-0.05790683;-0.05676701;-0.05434487;-0.05063737;-0.04585326;-0.04034093;-0.03448022;-0.02854755;-0.02276968;-0.01732349;-0.01240806;-0.00805214;-0.00434712;-0.00134925;0.00095497;0.00271735;0.00385579;0.00452978;0.00459708;0.00395081;0.0030428;0.00213977;0.00135587;0.00073598;0.0002881;0
NACA 65(4)-221;0;0.00051807;0.00124908;0.00218109;0.00331559;0.00467963;0.00634977;0.00851506;0.01147403;0.0151275;0.01941884;0.02452547;0.03032292;0.03689836;0.04417718;0.05208298;0.06045937;0.06915597;0.07794094;0.08656961;0.09473824;0.10210429;0.10817184;0.11258135;0.11510534;0.11568217;0.11447827;0.11192271;0.10826649;0.10366238;0.09821298;0.09218754;0.08570187;0.07888341;0.07190406;0.06485865;0.05788369;0.05112008;0.04467428;0.03862693;0.03312953;0.02831479;0.02399308;0.0201095;0.01653581;0.0127894;0.00903534;0.00576242;0.00314998;0.00124043;0;-0.00115992;-0.0027221;-0.00460841;-0.00677794;-0.00924323;-0.01209075;-0.01553708;-0.01938688;-0.02324345;-0.02739926;-0.03200788;-0.03710761;-0.04252233;-0.0481431;-0.05391864;-0.05973989;-0.06542839;-0.07098389;-0.07622552;-0.08108276;-0.08540735;-0.08902154;-0.09182627;-0.09366006;-0.09429285;-0.09332811;-0.09058148;-0.08611031;-0.08015813;-0.07310884;-0.0654697;-0.0575505;-0.04964612;-0.04199262;-0.03481181;-0.02819461;-0.02227232;-0.01711614;-0.01276068;-0.00907142;-0.00615645;-0.00382996;-0.00219534;-0.00136334;-0.00093601;-0.00067155;-0.00046881;-0.00028966;-0.00012912;0
NACA 65(4)-421;0;0.00071459;0.00173392;0.00304654;0.00465204;0.00657155;0.00886836;0.01170262;0.01532229;0.01963864;0.0246186;0.03043551;0.03695623;0.04423784;0.0521931;0.06074359;0.06971856;0.0789355;0.08815404;0.09712755;0.10555163;0.11307743;0.11920257;0.12358274;0.12599709;0.12637926;0.12490224;0.12199161;0.11791251;0.11281862;0.10682668;0.10023054;0.09312663;0.08569522;0.07808547;0.07043636;0.06286804;0.05555858;0.04860096;0.04207505;0.03612847;0.03098183;0.02644484;0.02243229;0.01898187;0.01578499;0.01157041;0.00740474;0.00399405;0.00153629;0;-0.00135422;-0.00303708;-0.00486262;-0.00672402;-0.00863098;-0.01074672;-0.01348056;-0.01723219;-0.020897;-0.02471685;-0.02887774;-0.03347914;-0.03836567;-0.04340263;-0.04856584;-0.05376179;-0.05879265;-0.06369479;-0.06830768;-0.07256804;-0.07631135;-0.07942111;-0.0817968;-0.08326676;-0.08360122;-0.08244249;-0.07958276;-0.0750808;-0.06918801;-0.06229293;-0.0549243;-0.04737133;-0.03991598;-0.03278474;-0.02620329;-0.02023305;-0.014991;-0.01054584;-0.00690651;-0.0039234;-0.00169736;-0.00003646;0.00093409;0.00110247;0.00091423;0.0006351;0.00037749;0.00018465;0.00006323;0
NACA 65(4)-421 a=0.5;0;0.000499;0.0011945;0.0020712;0.00313262;0.00441783;0.00603457;0.00824635;0.01146397;0.01554757;0.02041898;0.02630644;0.03304678;0.0407909;0.04942582;0.05889559;0.0689778;0.07949351;0.09013661;0.10058031;0.11045384;0.11929016;0.12642536;0.13143507;0.13416679;0.13467944;0.13320014;0.13013566;0.12579051;0.12034414;0.11393883;0.10688456;0.09925847;0.09130673;0.08316183;0.07500955;0.06694581;0.05916066;0.05177198;0.04488439;0.03859641;0.03314071;0.02840209;0.02425097;0.02074982;0.01811077;0.01467007;0.00973149;0.00528885;0.00202075;0;-0.00171773;-0.00372691;-0.00569985;-0.00743214;-0.00890353;-0.01032703;-0.0122546;-0.01561583;-0.01918177;-0.02271497;-0.02648381;-0.03066055;-0.03510483;-0.03964746;-0.04428379;-0.04894273;-0.05342039;-0.05775941;-0.06181359;-0.06557064;-0.06887933;-0.07160775;-0.07368178;-0.07497319;-0.07529372;-0.07426132;-0.07173424;-0.06791507;-0.06310276;-0.05758296;-0.0516732;-0.04560497;-0.03956772;-0.03370953;-0.02821274;-0.02312692;-0.0185273;-0.01450256;-0.01106532;-0.00813275;-0.00577943;-0.00386972;-0.00247917;-0.00168419;-0.00120015;-0.00085573;-0.00057951;-0.00034481;-0.00014848;0
NACA 66(2)-215;0;0.00053069;0.0012812;0.00224008;0.00340845;0.00481145;0.00652088;0.0087145;0.01167225;0.01529127;0.01948851;0.02436829;0.02981532;0.03583723;0.04235492;0.04923346;0.05630131;0.06328945;0.06986588;0.07571203;0.08035326;0.08324833;0.08499868;0.0858219;0.08578729;0.08493601;0.08323601;0.08081644;0.0777816;0.07419849;0.07009641;0.0656399;0.06090314;0.05593997;0.05088662;0.04584072;0.04091026;0.03619253;0.03171366;0.02752723;0.02376638;0.02050534;0.01747066;0.01456385;0.01190357;0.00912971;0.00644267;0.00411973;0.00226321;0.00089681;0;-0.00084958;-0.00201149;-0.00343813;-0.00510016;-0.0069911;-0.00912824;-0.01155534;-0.01415427;-0.01672642;-0.0192728;-0.02208976;-0.0252441;-0.0285993;-0.03208666;-0.03571439;-0.03941907;-0.04308574;-0.0466811;-0.05008517;-0.05327177;-0.05616872;-0.05868144;-0.06079657;-0.06244596;-0.06352765;-0.06397374;-0.06380025;-0.06296343;-0.06139104;-0.05885108;-0.05474902;-0.04961157;-0.04390386;-0.03794366;-0.03205182;-0.02644147;-0.02126227;-0.01663878;-0.01262152;-0.00914853;-0.00632234;-0.00402864;-0.00239415;-0.00153329;-0.00106675;-0.00076358;-0.00052725;-0.00032149;-0.00014162;0
NACA 66(2)-415;0;0.00072754;0.00176694;0.00310722;0.00474761;0.00670724;0.00904439;0.01190737;0.01552463;0.01980382;0.02468452;0.03026694;0.03643033;0.04315422;0.0503474;0.05785421;0.06550097;0.07300265;0.08000695;0.08619759;0.09110199;0.0941785;0.09601699;0.09683391;0.09669491;0.09564015;0.09365725;0.09084956;0.08735029;0.08324246;0.0785412;0.07345617;0.06806397;0.06243117;0.05669229;0.05098326;0.04540711;0.04007611;0.03503882;0.0303528;0.02612769;0.02250191;0.01922168;0.01613995;0.01344756;0.01072174;0.00764004;0.00485183;0.00262107;0.00101542;0;-0.00091536;-0.00209067;-0.00342556;-0.00486149;-0.00639802;-0.00810614;-0.0101659;-0.01260722;-0.01494126;-0.01713914;-0.01948756;-0.02210867;-0.0248922;-0.02776301;-0.03073322;-0.03375669;-0.03672474;-0.03962438;-0.04234925;-0.04489027;-0.04718131;-0.04915259;-0.05079724;-0.05205314;-0.05282269;-0.0530687;-0.0527903;-0.05194658;-0.05046377;-0.04809766;-0.04427199;-0.03949868;-0.0342315;-0.02878597;-0.02348831;-0.01851657;-0.0140054;-0.01008104;-0.00677517;-0.00400406;-0.00186393;-0.0002344;0.0007365;0.00093358;0.0007843;0.0005436;0.00031934;0.00015297;0.00005078;0
NACA 66(3)-218;0;0.00057857;0.00139469;0.00243492;0.00370103;0.00522366;0.00708949;0.00951253;0.01282834;0.01691519;0.02168131;0.02726564;0.03353647;0.04054385;0.04819238;0.05632529;0.06472745;0.07308897;0.08104113;0.0882181;0.09401731;0.09762314;0.09979151;0.10081792;0.10080097;0.09980795;0.09784207;0.0950065;0.09144447;0.08724951;0.08244041;0.07721922;0.07166827;0.06583515;0.05988107;0.05393397;0.04812011;0.0425598;0.03730558;0.03240135;0.02792318;0.02394106;0.02032679;0.01705902;0.01415438;0.01100329;0.00780195;0.00499361;0.00274033;0.00108358;0;-0.00102139;-0.0024096;-0.0041012;-0.00605595;-0.00826199;-0.01073468;-0.01351524;-0.01652211;-0.01964176;-0.02293772;-0.026528;-0.03043784;-0.0345938;-0.03895445;-0.04349549;-0.04813607;-0.05273808;-0.05724636;-0.06149739;-0.06548385;-0.06911902;-0.07227329;-0.07493318;-0.07701378;-0.07838709;-0.0789853;-0.07879715;-0.07775334;-0.07574982;-0.07247279;-0.06717835;-0.06068171;-0.05357902;-0.04623627;-0.03900415;-0.03214461;-0.02584775;-0.02025916;-0.01543284;-0.01127235;-0.00789304;-0.00514533;-0.00316774;-0.00208782;-0.00146999;-0.0010502;-0.00071822;-0.00043271;-0.00018853;0
NACA 66(3)-418;0;0.00077556;0.00188057;0.00330203;0.00503991;0.0071192;0.00961409;0.0127117;0.01669739;0.02145694;0.02692066;0.03322037;0.04021623;0.04792739;0.05624698;0.06501658;0.07400418;0.08287107;0.09123704;0.09874226;0.10478684;0.10856164;0.11081146;0.1118292;0.11171132;0.11051868;0.10825747;0.10505721;0.10105531;0.09634246;0.09096013;0.08513165;0.07893183;0.07244776;0.06582932;0.05924773;0.05281413;0.04665606;0.04084817;0.03545231;0.03053306;0.02621729;0.02235556;0.01889961;0.01600538;0.01319879;0.00957058;0.0061127;0.00330363;0.00127654;0;-0.00114022;-0.0025845;-0.0041933;-0.0058828;-0.0076472;-0.00957532;-0.01189458;-0.01475606;-0.01762334;-0.02057184;-0.02372358;-0.02712779;-0.03073029;-0.03448366;-0.03837414;-0.04234147;-0.04625703;-0.05009096;-0.05369091;-0.0570504;-0.06008284;-0.06271359;-0.06491347;-0.06660213;-0.0676775;-0.06808007;-0.06778768;-0.06673504;-0.06481515;-0.06170014;-0.05666681;-0.05052101;-0.04384963;-0.03701676;-0.03037449;-0.02415658;-0.01853712;-0.0136605;-0.00955348;-0.00610198;-0.00341205;-0.00133091;-0.00002169;0.00038977;0.0003886;0.00026209;0.0001316;0.00004352;0.00000458;0
NACA 66(4)-221;0;0.00062103;0.0014949;0.00260625;0.00395751;0.00558486;0.00758992;0.01022302;0.01387513;0.0184076;0.02372703;0.03002012;0.03712559;0.04510981;0.05386369;0.06323326;0.07298178;0.08279022;0.09221849;0.10079053;0.10773531;0.11203344;0.11459547;0.11580626;0.11580889;0.11469054;0.11244781;0.10921054;0.10513084;0.10030889;0.09477191;0.08874906;0.08233792;0.07562662;0.06878676;0.06194614;0.05525127;0.04885275;0.0427995;0.03714535;0.03199598;0.02745315;0.02335101;0.01966678;0.01647734;0.01295993;0.00922488;0.0059064;0.00323632;0.00127649;0;-0.00119634;-0.00281082;-0.00476162;-0.00699713;-0.00950369;-0.01230557;-0.01546798;-0.01894451;-0.02260396;-0.02649947;-0.03077218;-0.03546016;-0.040451;-0.04568393;-0.0511374;-0.0567155;-0.06224615;-0.06767876;-0.07282682;-0.07765815;-0.08205717;-0.08587473;-0.08908161;-0.09159287;-0.09328597;-0.09399823;-0.09378435;-0.09255493;-0.09014233;-0.08614021;-0.07965813;-0.07172868;-0.0631278;-0.05433065;-0.04575321;-0.03766621;-0.03027611;-0.02373226;-0.01809143;-0.01324496;-0.00932979;-0.00615008;-0.00385135;-0.00257246;-0.00182102;-0.00129994;-0.00088521;-0.00053042;-0.00022993;0
NACA 23112;0.00126;0.00165182;0.00223037;0.00300622;0.00398946;0.00519346;0.00663134;0.00831681;0.01026097;0.01247417;0.01496545;0.01773716;0.02078617;0.02410461;0.02768232;0.03149333;0.03550895;0.03968991;0.04398597;0.04833985;0.05268036;0.05692885;0.06099825;0.06480064;0.06823614;0.07122848;0.07368056;0.07554224;0.07675162;0.07729018;0.07714914;0.07628199;0.074466;0.07163751;0.06783015;0.06319648;0.05795898;0.05234425;0.04657175;0.04083842;0.03531027;0.03011504;0.0253406;0.02104193;0.01724985;0.01397967;0.01122752;0.00889615;0.00698844;0.00555511;0.004606;0.00370945;0.00246787;0.00088911;-0.00104503;-0.00331792;-0.00575951;-0.00829012;-0.01082843;-0.01329679;-0.01564569;-0.01784892;-0.01991342;-0.02188557;-0.02385137;-0.02591204;-0.02817191;-0.03068937;-0.03345939;-0.03635498;-0.03910542;-0.04141374;-0.04317141;-0.0443805;-0.04501536;-0.04511108;-0.04467711;-0.04376669;-0.04242364;-0.04070447;-0.03867221;-0.03638163;-0.03389975;-0.03127968;-0.0285806;-0.02585336;-0.02314489;-0.02050028;-0.0179544;-0.0155414;-0.01328544;-0.01120668;-0.00931887;-0.00763057;-0.00614395;-0.00485778;-0.00376874;-0.00287157;-0.00215887;-0.00162292;-0.00126
NACA 24112;0.00126;0.00162939;0.00217926;0.00291656;0.00385523;0.00500895;0.00639299;0.00802328;0.00991512;0.01208523;0.01454479;0.01730667;0.02037288;0.0237439;0.0274162;0.03137087;0.03558569;0.04002566;0.04464092;0.04937129;0.05414303;0.05887153;0.06345589;0.06779962;0.07178812;0.07533031;0.07831762;0.08068834;0.08230641;0.0829339;0.08239382;0.08066175;0.07775318;0.07383528;0.06908043;0.06368548;0.05788165;0.05188585;0.04588665;0.0400453;0.03449044;0.02931798;0.02459071;0.02034814;0.01661794;0.01336173;0.01060471;0.00844703;0.00680415;0.00553817;0.00463;0.00367285;0.00224034;0.00038873;-0.00167486;-0.00393072;-0.00638335;-0.00896943;-0.01157661;-0.01412869;-0.01655754;-0.01881118;-0.02085648;-0.02268668;-0.02433054;-0.02583779;-0.02727725;-0.02873517;-0.03028746;-0.03198457;-0.03383046;-0.03576631;-0.03765396;-0.0392866;-0.04042805;-0.04105377;-0.04116641;-0.04080228;-0.03999448;-0.03878407;-0.03722477;-0.03536048;-0.03325187;-0.03094544;-0.02850219;-0.02597085;-0.02340565;-0.02085506;-0.01836124;-0.01596485;-0.01370017;-0.01159149;-0.00966093;-0.0079212;-0.00637935;-0.00503961;-0.00390092;-0.00295846;-0.00220826;-0.00164392;-0.00126
NACA 25112;0.00126;0.00161233;0.00213856;0.00284674;0.00375208;0.00486966;0.00621878;0.00781969;0.00969183;0.01185653;0.01433541;0.01714571;0.02029775;0.02380066;0.02765819;0.03185611;0.03637411;0.04117813;0.04621461;0.05141597;0.05669573;0.06195301;0.06707024;0.07193162;0.07640239;0.0803261;0.08343131;0.08552872;0.08644905;0.08615117;0.08460702;0.08192937;0.07820573;0.07362896;0.06839476;0.06268692;0.05671214;0.0506562;0.04468046;0.03891482;0.03346434;0.02840591;0.02378706;0.01964185;0.01599513;0.01277056;0.01007926;0.0081702;0.00675506;0.00558469;0.004647;0.00354834;0.00182898;-0.0002942;-0.00234622;-0.00451638;-0.00699688;-0.00963478;-0.01231198;-0.01496675;-0.01751903;-0.01990437;-0.02207224;-0.02398686;-0.02563764;-0.02703123;-0.02819166;-0.02917469;-0.03003799;-0.03084817;-0.03166317;-0.03252329;-0.03343979;-0.0343892;-0.035304;-0.03608732;-0.0365999;-0.03671909;-0.03642765;-0.03574467;-0.03470915;-0.03334407;-0.0316985;-0.0298063;-0.02772179;-0.02548904;-0.02316315;-0.02079512;-0.01843197;-0.0161221;-0.0139055;-0.01181586;-0.00988047;-0.008121;-0.00655056;-0.00517676;-0.0040023;-0.00302702;-0.00224775;-0.00165989;-0.00126
NACA 0018;0.00189;0.00250804;0.00339925;0.00455793;0.00598132;0.00767294;0.00964908;0.01195587;0.01467028;0.01775654;0.02117838;0.02495631;0.02906554;0.03345921;0.03810285;0.04296967;0.04802181;0.05319154;0.05835033;0.06346645;0.06846312;0.07311634;0.07749134;0.08132577;0.08456136;0.08720195;0.08886506;0.08985508;0.08989032;0.0890142;0.08716506;0.08447428;0.0810262;0.07678904;0.07203868;0.06677921;0.06117733;0.05533414;0.04937194;0.04342466;0.03760779;0.031958;0.02657915;0.02147426;0.01677825;0.01257199;0.00890097;0.00579304;0.00326624;0.00133258;0;-0.00133258;-0.00326624;-0.00579304;-0.00890097;-0.01257199;-0.01677825;-0.02147426;-0.02657915;-0.031958;-0.03760779;-0.04342466;-0.04937194;-0.05533414;-0.06117733;-0.06677921;-0.07203868;-0.07678904;-0.0810262;-0.08447428;-0.08716506;-0.0890142;-0.08989032;-0.08985508;-0.08886506;-0.08720195;-0.08456136;-0.08132577;-0.07749134;-0.07311634;-0.06846312;-0.06346645;-0.05835033;-0.05319154;-0.04802181;-0.04296967;-0.03810285;-0.03345921;-0.02906554;-0.02495631;-0.02117838;-0.01775654;-0.01467028;-0.01195587;-0.00964908;-0.00767294;-0.00598132;-0.00455793;-0.00339925;-0.00250804;-0.00189
S822;0;0.00043523;0.00119899;0.00244157;0.00416713;0.00638769;0.00904904;0.01213295;0.01562476;0.01955296;0.02407702;0.02918104;0.03491401;0.04122641;0.04803883;0.05523918;0.06260928;0.06974077;0.07627446;0.08202351;0.08701514;0.09113622;0.09413445;0.09585002;0.09635849;0.09587458;0.09447386;0.09224147;0.08925709;0.08560315;0.08135769;0.07658536;0.07137895;0.0658574;0.06012432;0.05425796;0.04836514;0.04256225;0.03691519;0.03150209;0.0263817;0.02164474;0.01732736;0.01349578;0.01015854;0.00727432;0.00486884;0.00302;0.00165815;0.00033217;-0.000542;-0.00107251;-0.00159903;-0.00265892;-0.00425051;-0.00633535;-0.00889605;-0.01190719;-0.01535256;-0.01916881;-0.0233189;-0.02773193;-0.03230379;-0.03695141;-0.04156474;-0.0460158;-0.05024398;-0.05411786;-0.05752607;-0.06042448;-0.06274624;-0.06441378;-0.06538151;-0.06565928;-0.06525032;-0.06415848;-0.06238968;-0.05997491;-0.05697335;-0.0533415;-0.04907848;-0.04435618;-0.03944921;-0.03451468;-0.0295982;-0.02468352;-0.01993659;-0.01553966;-0.01172389;-0.00849474;-0.00583899;-0.00377479;-0.00217466;-0.00105507;-0.00026953;0.00017576;0.0004054;0.00044863;0.00036553;0.00018136;0
S6062;0;0.00016776;0.00043663;0.00083064;0.00140441;0.00216485;0.00315545;0.00437641;0.0058947;0.00769424;0.0098207;0.01226099;0.01501133;0.01805788;0.02136379;0.02489382;0.02855616;0.0322957;0.03603157;0.0396543;0.04307654;0.04621851;0.04901548;0.05138273;0.05321461;0.05446066;0.05509642;0.05511326;0.05451698;0.05332322;0.05155183;0.04927559;0.04656724;0.04348899;0.04008888;0.03645658;0.03270246;0.02888642;0.02507996;0.02139721;0.01790418;0.01461069;0.0115627;0.00902581;0.00727483;0.00584143;0.00431862;0.00248107;0.00056838;-0.00090081;-0.00181;-0.00255103;-0.00336176;-0.00408909;-0.0046674;-0.00514683;-0.00573318;-0.0068644;-0.00856945;-0.01049698;-0.01237742;-0.01426247;-0.01612574;-0.01793821;-0.01960247;-0.02109859;-0.02240561;-0.02345349;-0.02424712;-0.02478468;-0.0250482;-0.02503564;-0.02478259;-0.02430488;-0.02360254;-0.02269196;-0.02161057;-0.02038332;-0.01902599;-0.01755384;-0.01599851;-0.01438058;-0.01272106;-0.01105737;-0.009423;-0.00785134;-0.00638277;-0.0050618;-0.0038958;-0.00290777;-0.00209524;-0.00144079;-0.00093851;-0.00055218;-0.00028733;-0.00010561;-0.00000606;0.00004228;0.00004491;0.0000259;0
S7055;0;0.00033039;0.00090559;0.00174696;0.00286979;0.00431041;0.00607769;0.0081919;0.01069788;0.01365528;0.01707637;0.0209858;0.02539559;0.03028412;0.0356288;0.04134773;0.04723961;0.05313357;0.05899115;0.06463246;0.06993273;0.07477263;0.07896341;0.08243921;0.08504385;0.0867435;0.08746491;0.08716522;0.08586524;0.08356216;0.08036113;0.0763461;0.07163395;0.06637262;0.06066911;0.05468795;0.04857376;0.04246664;0.03650403;0.03078436;0.02540476;0.02047572;0.01603935;0.01213752;0.00877646;0.0059699;0.00368861;0.00195149;0.00063308;-0.00031079;-0.00091;-0.00145123;-0.00215977;-0.00300786;-0.00400567;-0.00521867;-0.00671778;-0.00842717;-0.01021843;-0.01200791;-0.01358051;-0.01498439;-0.016221;-0.01730225;-0.01822522;-0.01897383;-0.01953357;-0.01990185;-0.02008361;-0.02007714;-0.0198714;-0.01941919;-0.01871168;-0.01783568;-0.01685338;-0.01581282;-0.01475415;-0.01368602;-0.01260867;-0.01154017;-0.01049865;-0.00947865;-0.00849314;-0.00755903;-0.00667015;-0.00582968;-0.0050487;-0.00433111;-0.00367847;-0.00308531;-0.00255384;-0.00207521;-0.00165464;-0.00129724;-0.00098185;-0.00071634;-0.00050034;-0.00031622;-0.00017176;-0.00006903;0
SD6060;0;0.00018144;0.00048664;0.0009531;0.00163653;0.00255429;0.00376092;0.00526787;0.0071564;0.00941243;0.01210194;0.01518841;0.01870024;0.022613;0.02687408;0.03143698;0.036212;0.04110922;0.0460235;0.05081253;0.0553778;0.05960935;0.06332939;0.06633437;0.06849943;0.06979563;0.07024952;0.06990203;0.06880407;0.06700297;0.06452698;0.06144968;0.05786726;0.05386641;0.04951378;0.04489649;0.0401392;0.0353274;0.03056175;0.02596428;0.02159557;0.01754212;0.013878;0.01076669;0.00827802;0.0060864;0.00399551;0.00198927;0.00033472;-0.00085666;-0.00159;-0.00221255;-0.00294942;-0.00370814;-0.00445611;-0.0052417;-0.00623305;-0.00774733;-0.00971444;-0.01188568;-0.0140872;-0.01634425;-0.01860881;-0.02085532;-0.02300213;-0.02501754;-0.02688606;-0.0285513;-0.03000863;-0.03124204;-0.03221595;-0.03292806;-0.03337567;-0.03354463;-0.03341802;-0.03298691;-0.03226048;-0.03123635;-0.02991186;-0.02830247;-0.02642712;-0.02433355;-0.02207043;-0.01968688;-0.01727258;-0.01490765;-0.01264883;-0.0105345;-0.00858434;-0.00682437;-0.00529138;-0.00396839;-0.00287635;-0.00198299;-0.00130095;-0.00078702;-0.00043487;-0.00020042;-0.00007144;-0.00001458;0
SD8000;0;0.00024675;0.00063859;0.00120541;0.00200554;0.00304849;0.00438423;0.00601063;0.00799346;0.01030106;0.01295816;0.01592951;0.01919202;0.02269658;0.02636769;0.03014171;0.03393788;0.03769843;0.04137118;0.04489145;0.04818003;0.05118177;0.05382822;0.05606326;0.05784131;0.05909321;0.05980321;0.05996784;0.05958391;0.0586442;0.05713485;0.05511051;0.05261265;0.04968314;0.04635703;0.04270113;0.0388239;0.03477543;0.03061779;0.02648752;0.02244909;0.01860619;0.01501591;0.01186389;0.00927234;0.00696028;0.00469645;0.00242418;0.00050584;-0.00088783;-0.00175;-0.00248486;-0.0033619;-0.00428098;-0.00521389;-0.00622877;-0.007545;-0.00947234;-0.01182514;-0.01428924;-0.01672585;-0.01911842;-0.02140319;-0.0234959;-0.0253724;-0.02694334;-0.02824288;-0.02923469;-0.02987247;-0.03018838;-0.03017484;-0.02980462;-0.02911699;-0.02813753;-0.02688118;-0.02537033;-0.02365004;-0.02174923;-0.01970501;-0.01757248;-0.01543362;-0.01334064;-0.01132035;-0.00939854;-0.00762081;-0.00600799;-0.00458359;-0.00338124;-0.00236659;-0.00153951;-0.0009023;-0.0004166;-0.00007961;0.00015154;0.00027272;0.00032245;0.00030386;0.00024827;0.00016313;0.00007469;0
SD8020;0;0.00020313;0.00055822;0.001119;0.0019254;0.00297759;0.00424393;0.00568959;0.00724181;0.00891341;0.0107322;0.01271892;0.01489089;0.01726974;0.01983679;0.02257992;0.02547185;0.02845934;0.03148963;0.03450059;0.03742304;0.04019938;0.04276766;0.04505569;0.04700516;0.04856529;0.04969851;0.05037091;0.0505338;0.05016636;0.04928785;0.04791276;0.04603915;0.0437051;0.04098769;0.0379425;0.03460513;0.03109899;0.0274912;0.02382395;0.02024061;0.01679828;0.01360059;0.01070559;0.00814126;0.00596079;0.00417353;0.00270314;0.00152107;0.00062017;0;-0.0006202;-0.00152123;-0.00270352;-0.00417408;-0.00596104;-0.00813973;-0.01070111;-0.01359366;-0.01679163;-0.02023589;-0.02382216;-0.0274912;-0.03109727;-0.03460332;-0.03794248;-0.04098696;-0.04370386;-0.04603844;-0.04791269;-0.04928769;-0.05016615;-0.05053376;-0.05037097;-0.04969943;-0.04855943;-0.04699766;-0.04505694;-0.04276883;-0.04019297;-0.03741238;-0.03449328;-0.03149023;-0.02846116;-0.02547396;-0.02257971;-0.01982852;-0.01726474;-0.01489242;-0.01272027;-0.01073305;-0.00891443;-0.0072429;-0.00569076;-0.00424519;-0.00297883;-0.00192658;-0.00112015;-0.00055941;-0.00020375;0
S1210;0;0.00169964;0.00441685;0.00803074;0.01205764;0.01612288;0.02022748;0.02451359;0.02904786;0.03382354;0.03885727;0.04414513;0.0496745;0.05542906;0.06137418;0.06746085;0.07364529;0.07986124;0.08602517;0.09206749;0.09788742;0.10339129;0.10846174;0.11293618;0.11659883;0.11925346;0.12073189;0.12057126;0.11859706;0.11515077;0.11053743;0.10506031;0.0988549;0.09203327;0.08481156;0.07733024;0.06971957;0.06208512;0.05441318;0.04669334;0.03920408;0.03220671;0.02588808;0.02028746;0.01511353;0.01102988;0.00933302;0.00864163;0.00740017;0.00528246;0.00277;-0.00068479;-0.00515106;-0.00788159;-0.00855336;-0.00797088;-0.00791947;-0.0092348;-0.0109344;-0.01232644;-0.01363371;-0.01493969;-0.0161249;-0.01712732;-0.01786694;-0.01826457;-0.01822507;-0.01761848;-0.01625938;-0.0136789;-0.00959278;-0.00440308;0.00139782;0.00754037;0.01377281;0.01987918;0.02564996;0.03092227;0.03555125;0.03943372;0.04248097;0.04467302;0.04600802;0.0465095;0.04621511;0.0451541;0.04343877;0.04117909;0.03845515;0.03534096;0.03196534;0.0284088;0.02471079;0.02096814;0.01716482;0.01337837;0.00975207;0.006433;0.00363948;0.00148165;0
